id,turno,dia_id,periodo_id,intervalo_id,aula_id,paralelo_id,docentemateria_id,created_at,updated_at
1,M,1,1,1,1,1,7,2024-06-07  5:32:46,2024-06-07  5:32:46
2,M,1,2,2,1,1,7,2024-06-07  5:32:46,2024-06-07  5:32:46
3,M,1,3,3,1,1,8,2024-06-07  5:32:46,2024-06-07  5:32:46
4,M,1,4,5,1,1,8,2024-06-07  5:32:46,2024-06-07  5:32:46
5,M,1,5,7,1,1,5,2024-06-07  5:32:46,2024-06-07  5:32:46
6,M,1,6,8,1,1,5,2024-06-07  5:32:46,2024-06-07  5:32:46
7,M,2,1,1,1,1,90,2024-06-07  5:32:46,2024-06-07  5:32:46
8,M,2,2,2,1,1,90,2024-06-07  5:32:46,2024-06-07  5:32:46
9,M,2,3,3,1,1,91,2024-06-07  5:32:46,2024-06-07  5:32:46
10,M,2,4,5,1,1,91,2024-06-07  5:32:46,2024-06-07  5:32:46
11,M,2,5,7,1,1,89,2024-06-07  5:32:46,2024-06-07  5:32:46
12,M,2,6,8,1,1,89,2024-06-07  5:32:46,2024-06-07  5:32:46
13,M,3,1,1,1,1,4,2024-06-07  5:32:46,2024-06-07  5:32:46
14,M,3,2,2,1,1,4,2024-06-07  5:32:46,2024-06-07  5:32:46
15,M,3,3,3,1,1,4,2024-06-07  5:32:46,2024-06-07  5:32:46
16,M,3,4,5,1,1,4,2024-06-07  5:32:46,2024-06-07  5:32:46
17,M,3,5,7,1,1,6,2024-06-07  5:32:46,2024-06-07  5:32:46
18,M,3,6,8,1,1,6,2024-06-07  5:32:46,2024-06-07  5:32:46
19,M,4,1,1,1,1,1,2024-06-07  5:32:46,2024-06-07  5:32:46
20,M,4,2,2,1,1,1,2024-06-07  5:32:46,2024-06-07  5:32:46
21,M,4,3,3,1,1,1,2024-06-07  5:32:46,2024-06-07  5:32:46
22,M,4,4,5,1,1,1,2024-06-07  5:32:46,2024-06-07  5:32:46
23,M,4,5,7,1,1,3,2024-06-07  5:32:46,2024-06-07  5:32:46
24,M,4,6,8,1,1,3,2024-06-07  5:32:46,2024-06-07  5:32:46
25,M,5,1,1,1,1,4,2024-06-07  5:32:46,2024-06-07  5:32:46
26,M,5,2,2,1,1,4,2024-06-07  5:32:46,2024-06-07  5:32:46
27,M,5,3,3,1,1,1,2024-06-07  5:32:46,2024-06-07  5:32:46
28,M,5,4,5,1,1,1,2024-06-07  5:32:46,2024-06-07  5:32:46
29,M,5,5,7,1,1,2,2024-06-07  5:32:46,2024-06-07  5:32:46
30,M,5,6,8,1,1,2,2024-06-07  5:32:46,2024-06-07  5:32:46
31,M,1,1,1,2,2,9,2024-06-07  5:32:46,2024-06-07  5:32:46
32,M,1,2,2,2,2,9,2024-06-07  5:32:46,2024-06-07  5:32:46
33,M,1,3,3,2,2,9,2024-06-07  5:32:46,2024-06-07  5:32:46
34,M,1,4,5,2,2,9,2024-06-07  5:32:46,2024-06-07  5:32:46
35,M,1,5,7,2,2,13,2024-06-07  5:32:46,2024-06-07  5:32:46
36,M,1,6,8,2,2,13,2024-06-07  5:32:46,2024-06-07  5:32:46
37,M,2,1,1,2,2,89,2024-06-07  5:32:46,2024-06-07  5:32:46
38,M,2,2,2,2,2,89,2024-06-07  5:32:46,2024-06-07  5:32:46
39,M,2,3,3,2,2,90,2024-06-07  5:32:46,2024-06-07  5:32:46
40,M,2,4,5,2,2,90,2024-06-07  5:32:46,2024-06-07  5:32:46
41,M,2,5,7,2,2,91,2024-06-07  5:32:46,2024-06-07  5:32:46
42,M,2,6,8,2,2,91,2024-06-07  5:32:46,2024-06-07  5:32:46
43,M,3,1,1,2,2,12,2024-06-07  5:32:46,2024-06-07  5:32:46
44,M,3,2,2,2,2,12,2024-06-07  5:32:46,2024-06-07  5:32:46
45,M,3,3,3,2,2,12,2024-06-07  5:32:46,2024-06-07  5:32:46
46,M,3,4,5,2,2,12,2024-06-07  5:32:46,2024-06-07  5:32:46
47,M,3,5,7,2,2,10,2024-06-07  5:32:46,2024-06-07  5:32:46
48,M,3,6,8,2,2,10,2024-06-07  5:32:46,2024-06-07  5:32:46
49,M,4,1,1,2,2,9,2024-06-07  5:32:46,2024-06-07  5:32:46
50,M,4,2,2,2,2,9,2024-06-07  5:32:46,2024-06-07  5:32:46
51,M,4,3,3,2,2,12,2024-06-07  5:32:46,2024-06-07  5:32:46
52,M,4,4,5,2,2,12,2024-06-07  5:32:46,2024-06-07  5:32:46
53,M,4,5,7,2,2,16,2024-06-07  5:32:46,2024-06-07  5:32:46
54,M,4,6,8,2,2,16,2024-06-07  5:32:46,2024-06-07  5:32:46
55,M,5,1,1,2,2,14,2024-06-07  5:32:46,2024-06-07  5:32:46
56,M,5,2,2,2,2,14,2024-06-07  5:32:46,2024-06-07  5:32:46
57,M,5,3,3,2,2,11,2024-06-07  5:32:46,2024-06-07  5:32:46
58,M,5,4,5,2,2,11,2024-06-07  5:32:46,2024-06-07  5:32:46
59,M,5,5,7,2,2,15,2024-06-07  5:32:46,2024-06-07  5:32:46
60,M,5,6,8,2,2,15,2024-06-07  5:32:46,2024-06-07  5:32:46
61,M,1,1,1,3,3,21,2024-06-07  5:32:46,2024-06-07  5:32:46
62,M,1,2,2,3,3,21,2024-06-07  5:32:46,2024-06-07  5:32:46
63,M,1,3,3,3,3,17,2024-06-07  5:32:46,2024-06-07  5:32:46
64,M,1,4,5,3,3,17,2024-06-07  5:32:46,2024-06-07  5:32:46
65,M,1,5,7,3,3,17,2024-06-07  5:32:46,2024-06-07  5:32:46
66,M,1,6,8,3,3,17,2024-06-07  5:32:46,2024-06-07  5:32:46
67,M,2,1,1,3,3,91,2024-06-07  5:32:46,2024-06-07  5:32:46
68,M,2,2,2,3,3,91,2024-06-07  5:32:46,2024-06-07  5:32:46
69,M,2,3,3,3,3,89,2024-06-07  5:32:46,2024-06-07  5:32:46
70,M,2,4,5,3,3,89,2024-06-07  5:32:46,2024-06-07  5:32:46
71,M,2,5,7,3,3,90,2024-06-07  5:32:46,2024-06-07  5:32:46
72,M,2,6,8,3,3,90,2024-06-07  5:32:46,2024-06-07  5:32:46
73,M,3,1,1,3,3,20,2024-06-07  5:32:46,2024-06-07  5:32:46
74,M,3,2,2,3,3,20,2024-06-07  5:32:46,2024-06-07  5:32:46
75,M,3,3,3,3,3,20,2024-06-07  5:32:46,2024-06-07  5:32:46
76,M,3,4,5,3,3,20,2024-06-07  5:32:46,2024-06-07  5:32:46
77,M,3,5,7,3,3,23,2024-06-07  5:32:46,2024-06-07  5:32:46
78,M,3,6,8,3,3,23,2024-06-07  5:32:46,2024-06-07  5:32:46
79,M,4,1,1,3,3,24,2024-06-07  5:32:46,2024-06-07  5:32:46
80,M,4,2,2,3,3,24,2024-06-07  5:32:46,2024-06-07  5:32:46
81,M,4,3,3,3,3,17,2024-06-07  5:32:46,2024-06-07  5:32:46
82,M,4,4,5,3,3,17,2024-06-07  5:32:46,2024-06-07  5:32:46
83,M,4,5,7,3,3,18,2024-06-07  5:32:46,2024-06-07  5:32:46
84,M,4,6,8,3,3,18,2024-06-07  5:32:46,2024-06-07  5:32:46
85,M,5,1,1,3,3,22,2024-06-07  5:32:46,2024-06-07  5:32:46
86,M,5,2,2,3,3,22,2024-06-07  5:32:46,2024-06-07  5:32:46
87,M,5,3,3,3,3,22,2024-06-07  5:32:46,2024-06-07  5:32:46
88,M,5,4,5,3,3,22,2024-06-07  5:32:46,2024-06-07  5:32:46
89,M,5,5,7,3,3,19,2024-06-07  5:32:46,2024-06-07  5:32:46
90,M,5,6,8,3,3,19,2024-06-07  5:32:46,2024-06-07  5:32:46
91,M,1,1,1,4,4,25,2024-06-07  5:32:46,2024-06-07  5:32:46
92,M,1,2,2,4,4,25,2024-06-07  5:32:46,2024-06-07  5:32:46
93,M,1,3,3,4,4,25,2024-06-07  5:32:46,2024-06-07  5:32:46
94,M,1,4,5,4,4,25,2024-06-07  5:32:46,2024-06-07  5:32:46
95,M,1,5,7,4,4,30,2024-06-07  5:32:46,2024-06-07  5:32:46
96,M,1,6,8,4,4,30,2024-06-07  5:32:46,2024-06-07  5:32:46
97,M,2,1,1,4,4,32,2024-06-07  5:32:46,2024-06-07  5:32:46
98,M,2,2,2,4,4,32,2024-06-07  5:32:46,2024-06-07  5:32:46
99,M,2,3,3,4,4,29,2024-06-07  5:32:46,2024-06-07  5:32:46
100,M,2,4,5,4,4,29,2024-06-07  5:32:46,2024-06-07  5:32:46
101,M,2,5,7,4,4,30,2024-06-07  5:32:46,2024-06-07  5:32:46
102,M,2,6,8,4,4,30,2024-06-07  5:32:46,2024-06-07  5:32:46
103,M,3,1,1,4,4,27,2024-06-07  5:32:46,2024-06-07  5:32:46
104,M,3,2,2,4,4,27,2024-06-07  5:32:46,2024-06-07  5:32:46
105,M,3,3,3,4,4,27,2024-06-07  5:32:46,2024-06-07  5:32:46
106,M,3,4,5,4,4,27,2024-06-07  5:32:46,2024-06-07  5:32:46
107,M,3,5,7,4,4,26,2024-06-07  5:32:46,2024-06-07  5:32:46
108,M,3,6,8,4,4,26,2024-06-07  5:32:46,2024-06-07  5:32:46
109,M,4,1,1,4,4,90,2024-06-07  5:32:46,2024-06-07  5:32:46
110,M,4,2,2,4,4,90,2024-06-07  5:32:46,2024-06-07  5:32:46
111,M,4,3,3,4,4,91,2024-06-07  5:32:46,2024-06-07  5:32:46
112,M,4,4,5,4,4,91,2024-06-07  5:32:46,2024-06-07  5:32:46
113,M,4,5,7,4,4,89,2024-06-07  5:32:46,2024-06-07  5:32:46
114,M,4,6,8,4,4,89,2024-06-07  5:32:46,2024-06-07  5:32:46
115,M,5,1,1,4,4,28,2024-06-07  5:32:46,2024-06-07  5:32:46
116,M,5,2,2,4,4,28,2024-06-07  5:32:46,2024-06-07  5:32:46
117,M,5,3,3,4,4,28,2024-06-07  5:32:46,2024-06-07  5:32:46
118,M,5,4,5,4,4,28,2024-06-07  5:32:46,2024-06-07  5:32:46
119,M,5,5,7,4,4,31,2024-06-07  5:32:46,2024-06-07  5:32:46
120,M,5,6,8,4,4,31,2024-06-07  5:32:46,2024-06-07  5:32:46
121,M,1,1,1,5,5,33,2024-06-07  5:32:46,2024-06-07  5:32:46
122,M,1,2,2,5,5,33,2024-06-07  5:32:46,2024-06-07  5:32:46
123,M,1,3,3,5,5,33,2024-06-07  5:32:46,2024-06-07  5:32:46
124,M,1,4,5,5,5,33,2024-06-07  5:32:46,2024-06-07  5:32:46
125,M,1,5,7,5,5,35,2024-06-07  5:32:46,2024-06-07  5:32:46
126,M,1,6,8,5,5,35,2024-06-07  5:32:46,2024-06-07  5:32:46
127,M,2,1,1,5,5,38,2024-06-07  5:32:46,2024-06-07  5:32:46
128,M,2,2,2,5,5,38,2024-06-07  5:32:46,2024-06-07  5:32:46
129,M,2,3,3,5,5,40,2024-06-07  5:32:46,2024-06-07  5:32:46
130,M,2,4,5,5,5,40,2024-06-07  5:32:46,2024-06-07  5:32:46
131,M,2,5,7,5,5,37,2024-06-07  5:32:46,2024-06-07  5:32:46
132,M,2,6,8,5,5,37,2024-06-07  5:32:46,2024-06-07  5:32:46
133,M,3,1,1,5,5,36,2024-06-07  5:32:46,2024-06-07  5:32:46
134,M,3,2,2,5,5,36,2024-06-07  5:32:46,2024-06-07  5:32:46
135,M,3,3,3,5,5,36,2024-06-07  5:32:46,2024-06-07  5:32:46
136,M,3,4,5,5,5,36,2024-06-07  5:32:46,2024-06-07  5:32:46
137,M,3,5,7,5,5,36,2024-06-07  5:32:46,2024-06-07  5:32:46
138,M,3,6,8,5,5,36,2024-06-07  5:32:46,2024-06-07  5:32:46
139,M,4,1,1,5,5,89,2024-06-07  5:32:46,2024-06-07  5:32:46
140,M,4,2,2,5,5,89,2024-06-07  5:32:46,2024-06-07  5:32:46
141,M,4,3,3,5,5,90,2024-06-07  5:32:46,2024-06-07  5:32:46
142,M,4,4,5,5,5,90,2024-06-07  5:32:46,2024-06-07  5:32:46
143,M,4,5,7,5,5,91,2024-06-07  5:32:46,2024-06-07  5:32:46
144,M,4,6,8,5,5,91,2024-06-07  5:32:46,2024-06-07  5:32:46
145,M,5,1,1,5,5,36,2024-06-07  5:32:46,2024-06-07  5:32:46
146,M,5,2,2,5,5,36,2024-06-07  5:32:46,2024-06-07  5:32:46
147,M,5,3,3,5,5,33,2024-06-07  5:32:46,2024-06-07  5:32:46
148,M,5,4,5,5,5,33,2024-06-07  5:32:46,2024-06-07  5:32:46
149,M,5,5,7,5,5,39,2024-06-07  5:32:46,2024-06-07  5:32:46
150,M,5,6,8,5,5,39,2024-06-07  5:32:46,2024-06-07  5:32:46
151,M,1,1,1,6,6,44,2024-06-07  5:32:46,2024-06-07  5:32:46
152,M,1,2,2,6,6,44,2024-06-07  5:32:46,2024-06-07  5:32:46
153,M,1,3,3,6,6,44,2024-06-07  5:32:46,2024-06-07  5:32:46
154,M,1,4,5,6,6,44,2024-06-07  5:32:46,2024-06-07  5:32:46
155,M,1,5,7,6,6,44,2024-06-07  5:32:46,2024-06-07  5:32:46
156,M,1,6,8,6,6,44,2024-06-07  5:32:46,2024-06-07  5:32:46
157,M,2,1,1,6,6,45,2024-06-07  5:32:46,2024-06-07  5:32:46
158,M,2,2,2,6,6,45,2024-06-07  5:32:46,2024-06-07  5:32:46
159,M,2,3,3,6,6,41,2024-06-07  5:32:46,2024-06-07  5:32:46
160,M,2,4,5,6,6,41,2024-06-07  5:32:46,2024-06-07  5:32:46
161,M,2,5,7,6,6,48,2024-06-07  5:32:46,2024-06-07  5:32:46
162,M,2,6,8,6,6,48,2024-06-07  5:32:46,2024-06-07  5:32:46
163,M,3,1,1,6,6,41,2024-06-07  5:32:46,2024-06-07  5:32:46
164,M,3,2,2,6,6,41,2024-06-07  5:32:46,2024-06-07  5:32:46
165,M,3,3,3,6,6,41,2024-06-07  5:32:46,2024-06-07  5:32:46
166,M,3,4,5,6,6,41,2024-06-07  5:32:46,2024-06-07  5:32:46
167,M,3,5,7,6,6,43,2024-06-07  5:32:46,2024-06-07  5:32:46
168,M,3,6,8,6,6,43,2024-06-07  5:32:46,2024-06-07  5:32:46
169,M,4,1,1,6,6,91,2024-06-07  5:32:46,2024-06-07  5:32:46
170,M,4,2,2,6,6,91,2024-06-07  5:32:46,2024-06-07  5:32:46
171,M,4,3,3,6,6,89,2024-06-07  5:32:46,2024-06-07  5:32:46
172,M,4,4,5,6,6,89,2024-06-07  5:32:46,2024-06-07  5:32:46
173,M,4,5,7,6,6,90,2024-06-07  5:32:46,2024-06-07  5:32:46
174,M,4,6,8,6,6,90,2024-06-07  5:32:46,2024-06-07  5:32:46
175,M,5,1,1,6,6,44,2024-06-07  5:32:46,2024-06-07  5:32:46
176,M,5,2,2,6,6,44,2024-06-07  5:32:46,2024-06-07  5:32:46
177,M,5,3,3,6,6,44,2024-06-07  5:32:46,2024-06-07  5:32:46
178,M,5,4,5,6,6,44,2024-06-07  5:32:46,2024-06-07  5:32:46
179,M,5,5,7,6,6,47,2024-06-07  5:32:46,2024-06-07  5:32:46
180,M,5,6,8,6,6,47,2024-06-07  5:32:46,2024-06-07  5:32:46
181,M,1,1,1,7,7,89,2024-06-07  5:32:46,2024-06-07  5:32:46
182,M,1,2,2,7,7,89,2024-06-07  5:32:46,2024-06-07  5:32:46
183,M,1,3,3,7,7,56,2024-06-07  5:32:46,2024-06-07  5:32:46
184,M,1,4,5,7,7,56,2024-06-07  5:32:46,2024-06-07  5:32:46
185,M,1,5,7,7,7,91,2024-06-07  5:32:46,2024-06-07  5:32:46
186,M,1,6,8,7,7,91,2024-06-07  5:32:46,2024-06-07  5:32:46
187,M,2,1,1,7,7,52,2024-06-07  5:32:46,2024-06-07  5:32:46
188,M,2,2,2,7,7,52,2024-06-07  5:32:46,2024-06-07  5:32:46
189,M,2,3,3,7,7,52,2024-06-07  5:32:46,2024-06-07  5:32:46
190,M,2,4,5,7,7,52,2024-06-07  5:32:46,2024-06-07  5:32:46
191,M,2,5,7,7,7,55,2024-06-07  5:32:46,2024-06-07  5:32:46
192,M,2,6,8,7,7,55,2024-06-07  5:32:46,2024-06-07  5:32:46
193,M,3,1,1,7,7,90,2024-06-07  5:32:46,2024-06-07  5:32:46
194,M,3,2,2,7,7,90,2024-06-07  5:32:46,2024-06-07  5:32:46
195,M,3,3,3,7,7,53,2024-06-07  5:32:46,2024-06-07  5:32:46
196,M,3,4,5,7,7,53,2024-06-07  5:32:46,2024-06-07  5:32:46
197,M,3,5,7,7,7,51,2024-06-07  5:32:46,2024-06-07  5:32:46
198,M,3,6,8,7,7,51,2024-06-07  5:32:46,2024-06-07  5:32:46
199,M,4,1,1,7,7,49,2024-06-07  5:32:46,2024-06-07  5:32:46
200,M,4,2,2,7,7,49,2024-06-07  5:32:46,2024-06-07  5:32:46
201,M,4,3,3,7,7,49,2024-06-07  5:32:46,2024-06-07  5:32:46
202,M,4,4,5,7,7,49,2024-06-07  5:32:46,2024-06-07  5:32:46
203,M,4,5,7,7,7,52,2024-06-07  5:32:46,2024-06-07  5:32:46
204,M,4,6,8,7,7,52,2024-06-07  5:32:46,2024-06-07  5:32:46
205,M,5,1,1,7,7,54,2024-06-07  5:32:46,2024-06-07  5:32:46
206,M,5,2,2,7,7,54,2024-06-07  5:32:46,2024-06-07  5:32:46
207,M,5,3,3,7,7,54,2024-06-07  5:32:46,2024-06-07  5:32:46
208,M,5,4,5,7,7,54,2024-06-07  5:32:46,2024-06-07  5:32:46
209,M,5,5,7,7,7,49,2024-06-07  5:32:46,2024-06-07  5:32:46
210,M,5,6,8,7,7,49,2024-06-07  5:32:46,2024-06-07  5:32:46
211,M,1,1,1,8,8,64,2024-06-07  5:32:46,2024-06-07  5:32:46
212,M,1,2,2,8,8,64,2024-06-07  5:32:46,2024-06-07  5:32:46
213,M,1,3,3,8,8,91,2024-06-07  5:32:46,2024-06-07  5:32:46
214,M,1,4,5,8,8,91,2024-06-07  5:32:46,2024-06-07  5:32:46
215,M,1,5,7,8,8,89,2024-06-07  5:32:46,2024-06-07  5:32:46
216,M,1,6,8,8,8,89,2024-06-07  5:32:46,2024-06-07  5:32:46
217,M,2,1,1,8,8,60,2024-06-07  5:32:46,2024-06-07  5:32:46
218,M,2,2,2,8,8,60,2024-06-07  5:32:46,2024-06-07  5:32:46
219,M,2,3,3,8,8,60,2024-06-07  5:32:46,2024-06-07  5:32:46
220,M,2,4,5,8,8,60,2024-06-07  5:32:46,2024-06-07  5:32:46
221,M,2,5,7,8,8,63,2024-06-07  5:32:46,2024-06-07  5:32:46
222,M,2,6,8,8,8,63,2024-06-07  5:32:46,2024-06-07  5:32:46
223,M,3,1,1,8,8,57,2024-06-07  5:32:46,2024-06-07  5:32:46
224,M,3,2,2,8,8,57,2024-06-07  5:32:46,2024-06-07  5:32:46
225,M,3,3,3,8,8,90,2024-06-07  5:32:46,2024-06-07  5:32:46
226,M,3,4,5,8,8,90,2024-06-07  5:32:46,2024-06-07  5:32:46
227,M,3,5,7,8,8,61,2024-06-07  5:32:46,2024-06-07  5:32:46
228,M,3,6,8,8,8,61,2024-06-07  5:32:46,2024-06-07  5:32:46
229,M,4,1,1,8,8,57,2024-06-07  5:32:46,2024-06-07  5:32:46
230,M,4,2,2,8,8,57,2024-06-07  5:32:46,2024-06-07  5:32:46
231,M,4,3,3,8,8,57,2024-06-07  5:32:46,2024-06-07  5:32:46
232,M,4,4,5,8,8,57,2024-06-07  5:32:46,2024-06-07  5:32:46
233,M,4,5,7,8,8,60,2024-06-07  5:32:46,2024-06-07  5:32:46
234,M,4,6,8,8,8,60,2024-06-07  5:32:46,2024-06-07  5:32:46
235,M,5,1,1,8,8,62,2024-06-07  5:32:46,2024-06-07  5:32:46
236,M,5,2,2,8,8,62,2024-06-07  5:32:46,2024-06-07  5:32:46
237,M,5,3,3,8,8,59,2024-06-07  5:32:46,2024-06-07  5:32:46
238,M,5,4,5,8,8,59,2024-06-07  5:32:46,2024-06-07  5:32:46
239,M,5,5,7,8,8,57,2024-06-07  5:32:46,2024-06-07  5:32:46
240,M,5,6,8,8,8,57,2024-06-07  5:32:46,2024-06-07  5:32:46
241,M,1,1,1,9,9,65,2024-06-07  5:32:46,2024-06-07  5:32:46
242,M,1,2,2,9,9,65,2024-06-07  5:32:46,2024-06-07  5:32:46
243,M,1,3,3,9,9,65,2024-06-07  5:32:46,2024-06-07  5:32:46
244,M,1,4,5,9,9,65,2024-06-07  5:32:46,2024-06-07  5:32:46
245,M,1,5,7,9,9,67,2024-06-07  5:32:46,2024-06-07  5:32:46
246,M,1,6,8,9,9,67,2024-06-07  5:32:46,2024-06-07  5:32:46
247,M,2,1,1,9,9,68,2024-06-07  5:32:46,2024-06-07  5:32:46
248,M,2,2,2,9,9,68,2024-06-07  5:32:46,2024-06-07  5:32:46
249,M,2,3,3,9,9,68,2024-06-07  5:32:46,2024-06-07  5:32:46
250,M,2,4,5,9,9,68,2024-06-07  5:32:46,2024-06-07  5:32:46
251,M,2,5,7,9,9,71,2024-06-07  5:32:46,2024-06-07  5:32:46
252,M,2,6,8,9,9,71,2024-06-07  5:32:46,2024-06-07  5:32:46
253,M,3,1,1,9,9,72,2024-06-07  5:32:46,2024-06-07  5:32:46
254,M,3,2,2,9,9,72,2024-06-07  5:32:46,2024-06-07  5:32:46
255,M,3,3,3,9,9,89,2024-06-07  5:32:46,2024-06-07  5:32:46
256,M,3,4,5,9,9,89,2024-06-07  5:32:46,2024-06-07  5:32:46
257,M,3,5,7,9,9,90,2024-06-07  5:32:46,2024-06-07  5:32:46
258,M,3,6,8,9,9,90,2024-06-07  5:32:46,2024-06-07  5:32:46
259,M,4,1,1,9,9,70,2024-06-07  5:32:46,2024-06-07  5:32:46
260,M,4,2,2,9,9,70,2024-06-07  5:32:46,2024-06-07  5:32:46
261,M,4,3,3,9,9,65,2024-06-07  5:32:46,2024-06-07  5:32:46
262,M,4,4,5,9,9,65,2024-06-07  5:32:46,2024-06-07  5:32:46
263,M,4,5,7,9,9,66,2024-06-07  5:32:46,2024-06-07  5:32:46
264,M,4,6,8,9,9,66,2024-06-07  5:32:46,2024-06-07  5:32:46
265,M,5,1,1,9,9,91,2024-06-07  5:32:46,2024-06-07  5:32:46
266,M,5,2,2,9,9,91,2024-06-07  5:32:46,2024-06-07  5:32:46
267,M,5,3,3,9,9,69,2024-06-07  5:32:46,2024-06-07  5:32:46
268,M,5,4,5,9,9,69,2024-06-07  5:32:46,2024-06-07  5:32:46
269,M,5,5,7,9,9,68,2024-06-07  5:32:46,2024-06-07  5:32:46
270,M,5,6,8,9,9,68,2024-06-07  5:32:46,2024-06-07  5:32:46
271,M,1,1,1,10,10,76,2024-06-07  5:32:46,2024-06-07  5:32:46
272,M,1,2,2,10,10,76,2024-06-07  5:32:46,2024-06-07  5:32:46
273,M,1,3,3,10,10,76,2024-06-07  5:32:46,2024-06-07  5:32:46
274,M,1,4,5,10,10,76,2024-06-07  5:32:46,2024-06-07  5:32:46
275,M,1,5,7,10,10,79,2024-06-07  5:32:46,2024-06-07  5:32:46
276,M,1,6,8,10,10,79,2024-06-07  5:32:46,2024-06-07  5:32:46
277,M,2,1,1,10,10,73,2024-06-07  5:32:46,2024-06-07  5:32:46
278,M,2,2,2,10,10,73,2024-06-07  5:32:46,2024-06-07  5:32:46
279,M,2,3,3,10,10,73,2024-06-07  5:32:46,2024-06-07  5:32:46
280,M,2,4,5,10,10,73,2024-06-07  5:32:46,2024-06-07  5:32:46
281,M,2,5,7,10,10,75,2024-06-07  5:32:46,2024-06-07  5:32:46
282,M,2,6,8,10,10,75,2024-06-07  5:32:46,2024-06-07  5:32:46
283,M,3,1,1,10,10,74,2024-06-07  5:32:46,2024-06-07  5:32:46
284,M,3,2,2,10,10,74,2024-06-07  5:32:46,2024-06-07  5:32:46
285,M,3,3,3,10,10,80,2024-06-07  5:32:46,2024-06-07  5:32:46
286,M,3,4,5,10,10,80,2024-06-07  5:32:46,2024-06-07  5:32:46
287,M,3,5,7,10,10,89,2024-06-07  5:32:46,2024-06-07  5:32:46
288,M,3,6,8,10,10,89,2024-06-07  5:32:46,2024-06-07  5:32:46
289,M,4,1,1,10,10,78,2024-06-07  5:32:46,2024-06-07  5:32:46
290,M,4,2,2,10,10,78,2024-06-07  5:32:46,2024-06-07  5:32:46
291,M,4,3,3,10,10,78,2024-06-07  5:32:46,2024-06-07  5:32:46
292,M,4,4,5,10,10,78,2024-06-07  5:32:46,2024-06-07  5:32:46
293,M,4,5,7,10,10,76,2024-06-07  5:32:46,2024-06-07  5:32:46
294,M,4,6,8,10,10,76,2024-06-07  5:32:46,2024-06-07  5:32:46
295,M,5,1,1,10,10,90,2024-06-07  5:32:46,2024-06-07  5:32:46
296,M,5,2,2,10,10,90,2024-06-07  5:32:46,2024-06-07  5:32:46
297,M,5,3,3,10,10,91,2024-06-07  5:32:46,2024-06-07  5:32:46
298,M,5,4,5,10,10,91,2024-06-07  5:32:46,2024-06-07  5:32:46
299,M,5,5,7,10,10,77,2024-06-07  5:32:46,2024-06-07  5:32:46
300,M,5,6,8,10,10,77,2024-06-07  5:32:46,2024-06-07  5:32:46
301,M,1,1,1,11,11,84,2024-06-07  5:32:46,2024-06-07  5:32:46
302,M,1,2,2,11,11,84,2024-06-07  5:32:46,2024-06-07  5:32:46
303,M,1,3,3,11,11,84,2024-06-07  5:32:46,2024-06-07  5:32:46
304,M,1,4,5,11,11,84,2024-06-07  5:32:46,2024-06-07  5:32:46
305,M,1,5,7,11,11,84,2024-06-07  5:32:46,2024-06-07  5:32:46
306,M,1,6,8,11,11,84,2024-06-07  5:32:46,2024-06-07  5:32:46
307,M,2,1,1,11,11,81,2024-06-07  5:32:46,2024-06-07  5:32:46
308,M,2,2,2,11,11,81,2024-06-07  5:32:46,2024-06-07  5:32:46
309,M,2,3,3,11,11,81,2024-06-07  5:32:46,2024-06-07  5:32:46
310,M,2,4,5,11,11,81,2024-06-07  5:32:46,2024-06-07  5:32:46
311,M,2,5,7,11,11,82,2024-06-07  5:32:46,2024-06-07  5:32:46
312,M,2,6,8,11,11,82,2024-06-07  5:32:46,2024-06-07  5:32:46
313,M,3,1,1,11,11,89,2024-06-07  5:32:46,2024-06-07  5:32:46
314,M,3,2,2,11,11,89,2024-06-07  5:32:46,2024-06-07  5:32:46
315,M,3,3,3,11,11,87,2024-06-07  5:32:46,2024-06-07  5:32:46
316,M,3,4,5,11,11,87,2024-06-07  5:32:46,2024-06-07  5:32:46
317,M,3,5,7,11,11,88,2024-06-07  5:32:46,2024-06-07  5:32:46
318,M,3,6,8,11,11,88,2024-06-07  5:32:46,2024-06-07  5:32:46
319,M,4,1,1,11,11,84,2024-06-07  5:32:46,2024-06-07  5:32:46
320,M,4,2,2,11,11,84,2024-06-07  5:32:46,2024-06-07  5:32:46
321,M,4,3,3,11,11,84,2024-06-07  5:32:46,2024-06-07  5:32:46
322,M,4,4,5,11,11,84,2024-06-07  5:32:46,2024-06-07  5:32:46
323,M,4,5,7,11,11,86,2024-06-07  5:32:46,2024-06-07  5:32:46
324,M,4,6,8,11,11,86,2024-06-07  5:32:46,2024-06-07  5:32:46
325,M,5,1,1,11,11,85,2024-06-07  5:32:46,2024-06-07  5:32:46
326,M,5,2,2,11,11,85,2024-06-07  5:32:46,2024-06-07  5:32:46
327,M,5,3,3,11,11,90,2024-06-07  5:32:46,2024-06-07  5:32:46
328,M,5,4,5,11,11,90,2024-06-07  5:32:46,2024-06-07  5:32:46
329,M,5,5,7,11,11,91,2024-06-07  5:32:46,2024-06-07  5:32:46
330,M,5,6,8,11,11,91,2024-06-07  5:32:46,2024-06-07  5:32:46
331,M,1,1,1,12,12,103,2024-06-07  5:32:46,2024-06-07  5:32:46
332,M,1,2,2,12,12,103,2024-06-07  5:32:46,2024-06-07  5:32:46
333,M,1,3,3,12,12,92,2024-06-07  5:32:46,2024-06-07  5:32:46
334,M,1,4,4,12,12,92,2024-06-07  5:32:46,2024-06-07  5:32:46
335,M,1,5,7,12,12,104,2024-06-07  5:32:46,2024-06-07  5:32:46
336,M,1,6,8,12,12,104,2024-06-07  5:32:46,2024-06-07  5:32:46
337,M,2,1,1,12,12,98,2024-06-07  5:32:46,2024-06-07  5:32:46
338,M,2,2,2,12,12,98,2024-06-07  5:32:46,2024-06-07  5:32:46
339,M,2,3,3,12,12,96,2024-06-07  5:32:46,2024-06-07  5:32:46
340,M,2,4,4,12,12,96,2024-06-07  5:32:46,2024-06-07  5:32:46
341,M,2,5,7,12,12,92,2024-06-07  5:32:46,2024-06-07  5:32:46
342,M,2,6,8,12,12,92,2024-06-07  5:32:46,2024-06-07  5:32:46
343,M,3,1,1,12,12,105,2024-06-07  5:32:46,2024-06-07  5:32:46
344,M,3,2,2,12,12,105,2024-06-07  5:32:46,2024-06-07  5:32:46
345,M,3,3,3,12,12,94,2024-06-07  5:32:46,2024-06-07  5:32:46
346,M,3,4,4,12,12,94,2024-06-07  5:32:46,2024-06-07  5:32:46
347,M,3,5,7,12,12,107,2024-06-07  5:32:46,2024-06-07  5:32:46
348,M,3,6,8,12,12,107,2024-06-07  5:32:46,2024-06-07  5:32:46
349,M,4,1,1,12,12,96,2024-06-07  5:32:46,2024-06-07  5:32:46
350,M,4,2,2,12,12,96,2024-06-07  5:32:46,2024-06-07  5:32:46
351,M,4,3,3,12,12,101,2024-06-07  5:32:46,2024-06-07  5:32:46
352,M,4,4,4,12,12,102,2024-06-07  5:32:46,2024-06-07  5:32:46
353,M,4,5,7,12,12,92,2024-06-07  5:32:46,2024-06-07  5:32:46
354,M,4,6,8,12,12,92,2024-06-07  5:32:46,2024-06-07  5:32:46
355,M,5,1,1,12,12,96,2024-06-07  5:32:46,2024-06-07  5:32:46
356,M,5,2,2,12,12,96,2024-06-07  5:32:46,2024-06-07  5:32:46
357,M,5,3,3,12,12,105,2024-06-07  5:32:46,2024-06-07  5:32:46
358,M,5,4,4,12,12,105,2024-06-07  5:32:46,2024-06-07  5:32:46
359,M,5,5,7,12,12,106,2024-06-07  5:32:46,2024-06-07  5:32:46
360,M,5,6,8,12,12,106,2024-06-07  5:32:46,2024-06-07  5:32:46
361,M,6,1,1,12,12,94,2024-06-07  5:32:46,2024-06-07  5:32:46
362,M,6,2,2,12,12,94,2024-06-07  5:32:46,2024-06-07  5:32:46
363,M,6,3,3,12,12,100,2024-06-07  5:32:46,2024-06-07  5:32:46
364,M,6,4,4,12,12,100,2024-06-07  5:32:46,2024-06-07  5:32:46
365,M,6,5,7,12,12,108,2024-06-07  5:32:46,2024-06-07  5:32:46
366,M,6,6,8,12,12,108,2024-06-07  5:32:46,2024-06-07  5:32:46
367,M,1,1,1,13,13,104,2024-06-07  5:32:46,2024-06-07  5:32:46
368,M,1,2,2,13,13,104,2024-06-07  5:32:46,2024-06-07  5:32:46
369,M,1,3,3,13,13,105,2024-06-07  5:32:46,2024-06-07  5:32:46
370,M,1,4,4,13,13,105,2024-06-07  5:32:46,2024-06-07  5:32:46
371,M,1,5,7,13,13,92,2024-06-07  5:32:46,2024-06-07  5:32:46
372,M,1,6,8,13,13,92,2024-06-07  5:32:46,2024-06-07  5:32:46
373,M,2,1,1,13,13,96,2024-06-07  5:32:46,2024-06-07  5:32:46
374,M,2,2,2,13,13,96,2024-06-07  5:32:46,2024-06-07  5:32:46
375,M,2,3,3,13,13,94,2024-06-07  5:32:46,2024-06-07  5:32:46
376,M,2,4,4,13,13,94,2024-06-07  5:32:46,2024-06-07  5:32:46
377,M,2,5,7,13,13,98,2024-06-07  5:32:46,2024-06-07  5:32:46
378,M,2,6,8,13,13,98,2024-06-07  5:32:46,2024-06-07  5:32:46
379,M,3,1,1,13,13,92,2024-06-07  5:32:46,2024-06-07  5:32:46
380,M,3,2,2,13,13,92,2024-06-07  5:32:46,2024-06-07  5:32:46
381,M,3,3,3,13,13,107,2024-06-07  5:32:46,2024-06-07  5:32:46
382,M,3,4,4,13,13,107,2024-06-07  5:32:46,2024-06-07  5:32:46
383,M,3,5,7,13,13,103,2024-06-07  5:32:46,2024-06-07  5:32:46
384,M,3,6,8,13,13,103,2024-06-07  5:32:46,2024-06-07  5:32:46
385,M,4,1,1,13,13,92,2024-06-07  5:32:46,2024-06-07  5:32:46
386,M,4,2,2,13,13,92,2024-06-07  5:32:46,2024-06-07  5:32:46
387,M,4,3,3,13,13,96,2024-06-07  5:32:46,2024-06-07  5:32:46
388,M,4,4,4,13,13,96,2024-06-07  5:32:46,2024-06-07  5:32:46
389,M,4,5,7,13,13,101,2024-06-07  5:32:46,2024-06-07  5:32:46
390,M,4,6,8,13,13,102,2024-06-07  5:32:46,2024-06-07  5:32:46
391,M,5,1,1,13,13,105,2024-06-07  5:32:46,2024-06-07  5:32:46
392,M,5,2,2,13,13,105,2024-06-07  5:32:46,2024-06-07  5:32:46
393,M,5,3,3,13,13,106,2024-06-07  5:32:46,2024-06-07  5:32:46
394,M,5,4,4,13,13,106,2024-06-07  5:32:46,2024-06-07  5:32:46
395,M,5,5,7,13,13,96,2024-06-07  5:32:46,2024-06-07  5:32:46
396,M,5,6,8,13,13,96,2024-06-07  5:32:46,2024-06-07  5:32:46
397,M,6,1,1,13,13,108,2024-06-07  5:32:46,2024-06-07  5:32:46
398,M,6,2,2,13,13,108,2024-06-07  5:32:46,2024-06-07  5:32:46
399,M,6,3,3,13,13,94,2024-06-07  5:32:46,2024-06-07  5:32:46
400,M,6,4,4,13,13,94,2024-06-07  5:32:46,2024-06-07  5:32:46
401,M,6,5,7,13,13,100,2024-06-07  5:32:46,2024-06-07  5:32:46
402,M,6,6,8,13,13,100,2024-06-07  5:32:46,2024-06-07  5:32:46
403,M,1,1,1,14,14,92,2024-06-07  5:32:46,2024-06-07  5:32:46
404,M,1,2,2,14,14,92,2024-06-07  5:32:46,2024-06-07  5:32:46
405,M,1,3,3,14,14,104,2024-06-07  5:32:46,2024-06-07  5:32:46
406,M,1,4,4,14,14,104,2024-06-07  5:32:46,2024-06-07  5:32:46
407,M,1,5,7,14,14,103,2024-06-07  5:32:46,2024-06-07  5:32:46
408,M,1,6,8,14,14,103,2024-06-07  5:32:46,2024-06-07  5:32:46
409,M,2,1,1,14,14,92,2024-06-07  5:32:46,2024-06-07  5:32:46
410,M,2,2,2,14,14,92,2024-06-07  5:32:46,2024-06-07  5:32:46
411,M,2,3,3,14,14,98,2024-06-07  5:32:46,2024-06-07  5:32:46
412,M,2,4,4,14,14,98,2024-06-07  5:32:46,2024-06-07  5:32:46
413,M,2,5,7,14,14,96,2024-06-07  5:32:46,2024-06-07  5:32:46
414,M,2,6,8,14,14,96,2024-06-07  5:32:46,2024-06-07  5:32:46
415,M,3,1,1,14,14,107,2024-06-07  5:32:46,2024-06-07  5:32:46
416,M,3,2,2,14,14,107,2024-06-07  5:32:46,2024-06-07  5:32:46
417,M,3,3,3,14,14,101,2024-06-07  5:32:46,2024-06-07  5:32:46
418,M,3,4,4,14,14,102,2024-06-07  5:32:46,2024-06-07  5:32:46
419,M,3,5,7,14,14,92,2024-06-07  5:32:46,2024-06-07  5:32:46
420,M,3,6,8,14,14,92,2024-06-07  5:32:46,2024-06-07  5:32:46
421,M,4,1,1,14,14,105,2024-06-07  5:32:46,2024-06-07  5:32:46
422,M,4,2,2,14,14,105,2024-06-07  5:32:46,2024-06-07  5:32:46
423,M,4,3,3,14,14,106,2024-06-07  5:32:46,2024-06-07  5:32:46
424,M,4,4,4,14,14,106,2024-06-07  5:32:46,2024-06-07  5:32:46
425,M,4,5,7,14,14,96,2024-06-07  5:32:46,2024-06-07  5:32:46
426,M,4,6,8,14,14,96,2024-06-07  5:32:46,2024-06-07  5:32:46
427,M,5,1,1,14,14,94,2024-06-07  5:32:46,2024-06-07  5:32:46
428,M,5,2,2,14,14,94,2024-06-07  5:32:46,2024-06-07  5:32:46
429,M,5,3,3,14,14,96,2024-06-07  5:32:46,2024-06-07  5:32:46
430,M,5,4,4,14,14,96,2024-06-07  5:32:46,2024-06-07  5:32:46
431,M,5,5,7,14,14,105,2024-06-07  5:32:46,2024-06-07  5:32:46
432,M,5,6,8,14,14,105,2024-06-07  5:32:46,2024-06-07  5:32:46
433,M,6,1,1,14,14,100,2024-06-07  5:32:46,2024-06-07  5:32:46
434,M,6,2,2,14,14,100,2024-06-07  5:32:46,2024-06-07  5:32:46
435,M,6,3,3,14,14,108,2024-06-07  5:32:46,2024-06-07  5:32:46
436,M,6,4,4,14,14,108,2024-06-07  5:32:46,2024-06-07  5:32:46
437,M,6,5,7,14,14,94,2024-06-07  5:32:46,2024-06-07  5:32:46
438,M,6,6,8,14,14,94,2024-06-07  5:32:46,2024-06-07  5:32:46
439,M,1,1,1,15,15,105,2024-06-07  5:32:46,2024-06-07  5:32:46
440,M,1,2,2,15,15,105,2024-06-07  5:32:46,2024-06-07  5:32:46
441,M,1,3,3,15,15,97,2024-06-07  5:32:46,2024-06-07  5:32:46
442,M,1,4,4,15,15,97,2024-06-07  5:32:46,2024-06-07  5:32:46
443,M,1,5,7,15,15,98,2024-06-07  5:32:46,2024-06-07  5:32:46
444,M,1,6,8,15,15,98,2024-06-07  5:32:46,2024-06-07  5:32:46
445,M,2,1,1,15,15,103,2024-06-07  5:32:46,2024-06-07  5:32:46
446,M,2,2,2,15,15,103,2024-06-07  5:32:46,2024-06-07  5:32:46
447,M,2,3,3,15,15,92,2024-06-07  5:32:46,2024-06-07  5:32:46
448,M,2,4,4,15,15,92,2024-06-07  5:32:46,2024-06-07  5:32:46
449,M,2,5,7,15,15,101,2024-06-07  5:32:46,2024-06-07  5:32:46
450,M,2,6,8,15,15,102,2024-06-07  5:32:46,2024-06-07  5:32:46
451,M,3,1,1,15,15,100,2024-06-07  5:32:46,2024-06-07  5:32:46
452,M,3,2,2,15,15,100,2024-06-07  5:32:46,2024-06-07  5:32:46
453,M,3,3,3,15,15,92,2024-06-07  5:32:46,2024-06-07  5:32:46
454,M,3,4,4,15,15,92,2024-06-07  5:32:46,2024-06-07  5:32:46
455,M,3,5,7,15,15,94,2024-06-07  5:32:46,2024-06-07  5:32:46
456,M,3,6,8,15,15,94,2024-06-07  5:32:46,2024-06-07  5:32:46
457,M,4,1,1,15,15,106,2024-06-07  5:32:46,2024-06-07  5:32:46
458,M,4,2,2,15,15,106,2024-06-07  5:32:46,2024-06-07  5:32:46
459,M,4,3,3,15,15,92,2024-06-07  5:32:46,2024-06-07  5:32:46
460,M,4,4,4,15,15,92,2024-06-07  5:32:46,2024-06-07  5:32:46
461,M,4,5,7,15,15,108,2024-06-07  5:32:46,2024-06-07  5:32:46
462,M,4,6,8,15,15,108,2024-06-07  5:32:46,2024-06-07  5:32:46
463,M,5,1,1,15,15,104,2024-06-07  5:32:46,2024-06-07  5:32:46
464,M,5,2,2,15,15,104,2024-06-07  5:32:46,2024-06-07  5:32:46
465,M,5,3,3,15,15,94,2024-06-07  5:32:46,2024-06-07  5:32:46
466,M,5,4,4,15,15,94,2024-06-07  5:32:46,2024-06-07  5:32:46
467,M,5,5,7,15,15,97,2024-06-07  5:32:46,2024-06-07  5:32:46
468,M,5,6,8,15,15,97,2024-06-07  5:32:46,2024-06-07  5:32:46
469,M,6,1,1,15,15,105,2024-06-07  5:32:46,2024-06-07  5:32:46
470,M,6,2,2,15,15,105,2024-06-07  5:32:46,2024-06-07  5:32:46
471,M,6,3,3,15,15,97,2024-06-07  5:32:46,2024-06-07  5:32:46
472,M,6,4,4,15,15,97,2024-06-07  5:32:46,2024-06-07  5:32:46
473,M,6,5,7,15,15,107,2024-06-07  5:32:46,2024-06-07  5:32:46
474,M,6,6,8,15,15,107,2024-06-07  5:32:46,2024-06-07  5:32:46
475,M,1,1,1,16,16,93,2024-06-07  5:32:46,2024-06-07  5:32:46
476,M,1,2,2,16,16,93,2024-06-07  5:32:46,2024-06-07  5:32:46
477,M,1,3,3,16,16,98,2024-06-07  5:32:46,2024-06-07  5:32:46
478,M,1,4,4,16,16,98,2024-06-07  5:32:46,2024-06-07  5:32:46
479,M,1,5,7,16,16,97,2024-06-07  5:32:46,2024-06-07  5:32:46
480,M,1,6,8,16,16,97,2024-06-07  5:32:46,2024-06-07  5:32:46
481,M,2,1,1,16,16,102,2024-06-07  5:32:46,2024-06-07  5:32:46
482,M,2,2,2,16,16,102,2024-06-07  5:32:46,2024-06-07  5:32:46
483,M,2,3,3,16,16,103,2024-06-07  5:32:46,2024-06-07  5:32:46
484,M,2,4,4,16,16,103,2024-06-07  5:32:46,2024-06-07  5:32:46
485,M,2,5,7,16,16,93,2024-06-07  5:32:46,2024-06-07  5:32:46
486,M,2,6,8,16,16,97,2024-06-07  5:32:46,2024-06-07  5:32:46
487,M,3,1,1,16,16,94,2024-06-07  5:32:46,2024-06-07  5:32:46
488,M,3,2,2,16,16,94,2024-06-07  5:32:46,2024-06-07  5:32:46
489,M,3,3,3,16,16,99,2024-06-07  5:32:46,2024-06-07  5:32:46
490,M,3,4,4,16,16,99,2024-06-07  5:32:46,2024-06-07  5:32:46
491,M,3,5,7,16,16,105,2024-06-07  5:32:46,2024-06-07  5:32:46
492,M,3,6,8,16,16,105,2024-06-07  5:32:46,2024-06-07  5:32:46
493,M,4,1,1,16,16,108,2024-06-07  5:32:46,2024-06-07  5:32:46
494,M,4,2,2,16,16,108,2024-06-07  5:32:46,2024-06-07  5:32:46
495,M,4,3,3,16,16,105,2024-06-07  5:32:46,2024-06-07  5:32:46
496,M,4,4,4,16,16,105,2024-06-07  5:32:46,2024-06-07  5:32:46
497,M,4,5,7,16,16,106,2024-06-07  5:32:46,2024-06-07  5:32:46
498,M,4,6,8,16,16,106,2024-06-07  5:32:46,2024-06-07  5:32:46
499,M,5,1,1,16,16,97,2024-06-07  5:32:46,2024-06-07  5:32:46
500,M,5,2,2,16,16,97,2024-06-07  5:32:46,2024-06-07  5:32:46
501,M,5,3,3,16,16,104,2024-06-07  5:32:46,2024-06-07  5:32:46
502,M,5,4,4,16,16,104,2024-06-07  5:32:46,2024-06-07  5:32:46
503,M,5,5,7,16,16,94,2024-06-07  5:32:46,2024-06-07  5:32:46
504,M,5,6,8,16,16,94,2024-06-07  5:32:46,2024-06-07  5:32:46
505,M,6,1,1,16,16,101,2024-06-07  5:32:46,2024-06-07  5:32:46
506,M,6,2,2,16,16,101,2024-06-07  5:32:46,2024-06-07  5:32:46
507,M,6,3,3,16,16,107,2024-06-07  5:32:46,2024-06-07  5:32:46
508,M,6,4,4,16,16,107,2024-06-07  5:32:46,2024-06-07  5:32:46
509,M,6,5,7,16,16,93,2024-06-07  5:32:46,2024-06-07  5:32:46
510,M,6,6,8,16,16,93,2024-06-07  5:32:46,2024-06-07  5:32:46
511,M,1,1,1,17,17,98,2024-06-07  5:32:46,2024-06-07  5:32:46
512,M,1,2,2,17,17,98,2024-06-07  5:32:46,2024-06-07  5:32:46
513,M,1,3,3,17,17,93,2024-06-07  5:32:46,2024-06-07  5:32:46
514,M,1,4,4,17,17,93,2024-06-07  5:32:46,2024-06-07  5:32:46
515,M,1,5,7,17,17,105,2024-06-07  5:32:46,2024-06-07  5:32:46
516,M,1,6,8,17,17,105,2024-06-07  5:32:46,2024-06-07  5:32:46
517,M,2,1,1,17,17,95,2024-06-07  5:32:46,2024-06-07  5:32:46
518,M,2,2,2,17,17,95,2024-06-07  5:32:46,2024-06-07  5:32:46
519,M,2,3,3,17,17,93,2024-06-07  5:32:46,2024-06-07  5:32:46
520,M,2,4,4,17,17,93,2024-06-07  5:32:46,2024-06-07  5:32:46
521,M,2,5,7,17,17,103,2024-06-07  5:32:46,2024-06-07  5:32:46
522,M,2,6,8,17,17,103,2024-06-07  5:32:46,2024-06-07  5:32:46
523,M,3,1,1,17,17,95,2024-06-07  5:32:46,2024-06-07  5:32:46
524,M,3,2,2,17,17,95,2024-06-07  5:32:46,2024-06-07  5:32:46
525,M,3,3,3,17,17,97,2024-06-07  5:32:46,2024-06-07  5:32:46
526,M,3,4,4,17,17,97,2024-06-07  5:32:46,2024-06-07  5:32:46
527,M,3,5,7,17,17,99,2024-06-07  5:32:46,2024-06-07  5:32:46
528,M,3,6,8,17,17,99,2024-06-07  5:32:46,2024-06-07  5:32:46
529,M,4,1,1,17,17,102,2024-06-07  5:32:46,2024-06-07  5:32:46
530,M,4,2,2,17,17,102,2024-06-07  5:32:46,2024-06-07  5:32:46
531,M,4,3,3,17,17,108,2024-06-07  5:32:46,2024-06-07  5:32:46
532,M,4,4,4,17,17,108,2024-06-07  5:32:46,2024-06-07  5:32:46
533,M,4,5,7,17,17,95,2024-06-07  5:32:46,2024-06-07  5:32:46
534,M,4,6,8,17,17,93,2024-06-07  5:32:46,2024-06-07  5:32:46
535,M,5,1,1,17,17,106,2024-06-07  5:32:46,2024-06-07  5:32:46
536,M,5,2,2,17,17,106,2024-06-07  5:32:46,2024-06-07  5:32:46
537,M,5,3,3,17,17,97,2024-06-07  5:32:46,2024-06-07  5:32:46
538,M,5,4,4,17,17,97,2024-06-07  5:32:46,2024-06-07  5:32:46
539,M,5,5,7,17,17,104,2024-06-07  5:32:46,2024-06-07  5:32:46
540,M,5,6,8,17,17,104,2024-06-07  5:32:46,2024-06-07  5:32:46
541,M,6,1,1,17,17,107,2024-06-07  5:32:46,2024-06-07  5:32:46
542,M,6,2,2,17,17,107,2024-06-07  5:32:46,2024-06-07  5:32:46
543,M,6,3,3,17,17,105,2024-06-07  5:32:46,2024-06-07  5:32:46
544,M,6,4,4,17,17,105,2024-06-07  5:32:46,2024-06-07  5:32:46
545,M,6,5,7,17,17,101,2024-06-07  5:32:46,2024-06-07  5:32:46
546,M,6,6,8,17,17,101,2024-06-07  5:32:46,2024-06-07  5:32:46
547,M,1,1,1,18,18,97,2024-06-07  5:32:46,2024-06-07  5:32:46
548,M,1,2,2,18,18,97,2024-06-07  5:32:46,2024-06-07  5:32:46
549,M,1,3,3,18,18,106,2024-06-07  5:32:46,2024-06-07  5:32:46
550,M,1,4,4,18,18,106,2024-06-07  5:32:46,2024-06-07  5:32:46
551,M,1,5,7,18,18,95,2024-06-07  5:32:46,2024-06-07  5:32:46
552,M,1,6,8,18,18,95,2024-06-07  5:32:46,2024-06-07  5:32:46
553,M,2,1,1,18,18,99,2024-06-07  5:32:46,2024-06-07  5:32:46
554,M,2,2,2,18,18,99,2024-06-07  5:32:46,2024-06-07  5:32:46
555,M,2,3,3,18,18,105,2024-06-07  5:32:46,2024-06-07  5:32:46
556,M,2,4,4,18,18,105,2024-06-07  5:32:46,2024-06-07  5:32:46
557,M,2,5,7,18,18,95,2024-06-07  5:32:46,2024-06-07  5:32:46
558,M,2,6,8,18,18,93,2024-06-07  5:32:46,2024-06-07  5:32:46
559,M,3,1,1,18,18,101,2024-06-07  5:32:46,2024-06-07  5:32:46
560,M,3,2,2,18,18,101,2024-06-07  5:32:46,2024-06-07  5:32:46
561,M,3,3,3,18,18,103,2024-06-07  5:32:46,2024-06-07  5:32:46
562,M,3,4,4,18,18,103,2024-06-07  5:32:46,2024-06-07  5:32:46
563,M,3,5,7,18,18,95,2024-06-07  5:32:46,2024-06-07  5:32:46
564,M,3,6,8,18,18,95,2024-06-07  5:32:46,2024-06-07  5:32:46
565,M,4,1,1,18,18,107,2024-06-07  5:32:46,2024-06-07  5:32:46
566,M,4,2,2,18,18,107,2024-06-07  5:32:46,2024-06-07  5:32:46
567,M,4,3,3,18,18,104,2024-06-07  5:32:46,2024-06-07  5:32:46
568,M,4,4,4,18,18,104,2024-06-07  5:32:46,2024-06-07  5:32:46
569,M,4,5,7,18,18,105,2024-06-07  5:32:46,2024-06-07  5:32:46
570,M,4,6,8,18,18,105,2024-06-07  5:32:46,2024-06-07  5:32:46
571,M,5,1,1,18,18,93,2024-06-07  5:32:46,2024-06-07  5:32:46
572,M,5,2,2,18,18,93,2024-06-07  5:32:46,2024-06-07  5:32:46
573,M,5,3,3,18,18,102,2024-06-07  5:32:46,2024-06-07  5:32:46
574,M,5,4,4,18,18,102,2024-06-07  5:32:46,2024-06-07  5:32:46
575,M,5,5,7,18,18,108,2024-06-07  5:32:46,2024-06-07  5:32:46
576,M,5,6,8,18,18,108,2024-06-07  5:32:46,2024-06-07  5:32:46
577,M,6,1,1,18,18,98,2024-06-07  5:32:46,2024-06-07  5:32:46
578,M,6,2,2,18,18,98,2024-06-07  5:32:46,2024-06-07  5:32:46
579,M,6,3,3,18,18,93,2024-06-07  5:32:46,2024-06-07  5:32:46
580,M,6,4,4,18,18,93,2024-06-07  5:32:46,2024-06-07  5:32:46
581,M,6,5,7,18,18,97,2024-06-07  5:32:46,2024-06-07  5:32:46
582,M,6,6,8,18,18,97,2024-06-07  5:32:46,2024-06-07  5:32:46
583,M,1,1,1,19,19,95,2024-06-07  5:32:46,2024-06-07  5:32:46
584,M,1,2,2,19,19,95,2024-06-07  5:32:46,2024-06-07  5:32:46
585,M,1,3,3,19,19,103,2024-06-07  5:32:46,2024-06-07  5:32:46
586,M,1,4,4,19,19,103,2024-06-07  5:32:46,2024-06-07  5:32:46
587,M,1,5,7,19,19,106,2024-06-07  5:32:46,2024-06-07  5:32:46
588,M,1,6,8,19,19,106,2024-06-07  5:32:46,2024-06-07  5:32:46
589,M,2,1,1,19,19,93,2024-06-07  5:32:46,2024-06-07  5:32:46
590,M,2,2,2,19,19,93,2024-06-07  5:32:46,2024-06-07  5:32:46
591,M,2,3,3,19,19,99,2024-06-07  5:32:46,2024-06-07  5:32:46
592,M,2,4,4,19,19,99,2024-06-07  5:32:46,2024-06-07  5:32:46
593,M,2,5,7,19,19,105,2024-06-07  5:32:46,2024-06-07  5:32:46
594,M,2,6,8,19,19,105,2024-06-07  5:32:46,2024-06-07  5:32:46
595,M,3,1,1,19,19,97,2024-06-07  5:32:46,2024-06-07  5:32:46
596,M,3,2,2,19,19,97,2024-06-07  5:32:46,2024-06-07  5:32:46
597,M,3,3,3,19,19,95,2024-06-07  5:32:46,2024-06-07  5:32:46
598,M,3,4,4,19,19,95,2024-06-07  5:32:46,2024-06-07  5:32:46
599,M,3,5,7,19,19,101,2024-06-07  5:32:46,2024-06-07  5:32:46
600,M,3,6,8,19,19,101,2024-06-07  5:32:46,2024-06-07  5:32:46
601,M,4,1,1,19,19,95,2024-06-07  5:32:46,2024-06-07  5:32:46
602,M,4,2,2,19,19,95,2024-06-07  5:32:46,2024-06-07  5:32:46
603,M,4,3,3,19,19,107,2024-06-07  5:32:46,2024-06-07  5:32:46
604,M,4,4,4,19,19,107,2024-06-07  5:32:46,2024-06-07  5:32:46
605,M,4,5,7,19,19,104,2024-06-07  5:32:46,2024-06-07  5:32:46
606,M,4,6,8,19,19,104,2024-06-07  5:32:46,2024-06-07  5:32:46
607,M,5,1,1,19,19,102,2024-06-07  5:32:46,2024-06-07  5:32:46
608,M,5,2,2,19,19,102,2024-06-07  5:32:46,2024-06-07  5:32:46
609,M,5,3,3,19,19,108,2024-06-07  5:32:46,2024-06-07  5:32:46
610,M,5,4,4,19,19,108,2024-06-07  5:32:46,2024-06-07  5:32:46
611,M,5,5,7,19,19,93,2024-06-07  5:32:46,2024-06-07  5:32:46
612,M,5,6,8,19,19,93,2024-06-07  5:32:46,2024-06-07  5:32:46
613,M,6,1,1,19,19,97,2024-06-07  5:32:46,2024-06-07  5:32:46
614,M,6,2,2,19,19,97,2024-06-07  5:32:46,2024-06-07  5:32:46
615,M,6,3,3,19,19,98,2024-06-07  5:32:46,2024-06-07  5:32:46
616,M,6,4,4,19,19,98,2024-06-07  5:32:46,2024-06-07  5:32:46
617,M,6,5,7,19,19,105,2024-06-07  5:32:46,2024-06-07  5:32:46
618,M,6,6,8,19,19,105,2024-06-07  5:32:46,2024-06-07  5:32:46
619,M,1,1,1,20,20,106,2024-06-07  5:32:46,2024-06-07  5:32:46
620,M,1,2,2,20,20,106,2024-06-07  5:32:46,2024-06-07  5:32:46
621,M,1,3,3,20,20,95,2024-06-07  5:32:46,2024-06-07  5:32:46
622,M,1,4,4,20,20,95,2024-06-07  5:32:46,2024-06-07  5:32:46
623,M,1,5,7,20,20,93,2024-06-07  5:32:46,2024-06-07  5:32:46
624,M,1,6,8,20,20,93,2024-06-07  5:32:46,2024-06-07  5:32:46
625,M,2,1,1,20,20,105,2024-06-07  5:32:46,2024-06-07  5:32:46
626,M,2,2,2,20,20,105,2024-06-07  5:32:46,2024-06-07  5:32:46
627,M,2,3,3,20,20,95,2024-06-07  5:32:46,2024-06-07  5:32:46
628,M,2,4,4,20,20,95,2024-06-07  5:32:46,2024-06-07  5:32:46
629,M,2,5,7,20,20,99,2024-06-07  5:32:46,2024-06-07  5:32:46
630,M,2,6,8,20,20,99,2024-06-07  5:32:46,2024-06-07  5:32:46
631,M,3,1,1,20,20,103,2024-06-07  5:32:46,2024-06-07  5:32:46
632,M,3,2,2,20,20,103,2024-06-07  5:32:46,2024-06-07  5:32:46
633,M,3,3,3,20,20,105,2024-06-07  5:32:46,2024-06-07  5:32:46
634,M,3,4,4,20,20,105,2024-06-07  5:32:46,2024-06-07  5:32:46
635,M,3,5,7,20,20,97,2024-06-07  5:32:46,2024-06-07  5:32:46
636,M,3,6,8,20,20,97,2024-06-07  5:32:46,2024-06-07  5:32:46
637,M,4,1,1,20,20,104,2024-06-07  5:32:46,2024-06-07  5:32:46
638,M,4,2,2,20,20,104,2024-06-07  5:32:46,2024-06-07  5:32:46
639,M,4,3,3,20,20,95,2024-06-07  5:32:46,2024-06-07  5:32:46
640,M,4,4,4,20,20,95,2024-06-07  5:32:46,2024-06-07  5:32:46
641,M,4,5,7,20,20,107,2024-06-07  5:32:46,2024-06-07  5:32:46
642,M,4,6,8,20,20,107,2024-06-07  5:32:46,2024-06-07  5:32:46
643,M,5,1,1,20,20,108,2024-06-07  5:32:46,2024-06-07  5:32:46
644,M,5,2,2,20,20,108,2024-06-07  5:32:46,2024-06-07  5:32:46
645,M,5,3,3,20,20,93,2024-06-07  5:32:46,2024-06-07  5:32:46
646,M,5,4,4,20,20,93,2024-06-07  5:32:46,2024-06-07  5:32:46
647,M,5,5,7,20,20,102,2024-06-07  5:32:46,2024-06-07  5:32:46
648,M,5,6,8,20,20,102,2024-06-07  5:32:46,2024-06-07  5:32:46
649,M,6,1,1,20,20,93,2024-06-07  5:32:46,2024-06-07  5:32:46
650,M,6,2,2,20,20,97,2024-06-07  5:32:46,2024-06-07  5:32:46
651,M,6,3,3,20,20,101,2024-06-07  5:32:46,2024-06-07  5:32:46
652,M,6,4,4,20,20,101,2024-06-07  5:32:46,2024-06-07  5:32:46
653,M,6,5,7,20,20,98,2024-06-07  5:32:46,2024-06-07  5:32:46
654,M,6,6,8,20,20,98,2024-06-07  5:32:46,2024-06-07  5:32:46
