id,tutor_id,estudiante_id,parentesco,created_at,updated_at
1,805,31,PADRE,2024-06-07  5:32:48,2024-06-07  5:32:48
2,806,31,MADRE,2024-06-07  5:32:48,2024-06-07  5:32:48
3,847,32,PADRE,2024-06-07  5:32:48,2024-06-07  5:32:48
4,848,32,MADRE,2024-06-07  5:32:48,2024-06-07  5:32:48
5,875,33,PADRE,2024-06-07  5:32:48,2024-06-07  5:32:48
6,876,33,MADRE,2024-06-07  5:32:48,2024-06-07  5:32:48
7,901,34,PADRE,2024-06-07  5:32:48,2024-06-07  5:32:48
8,902,34,MADRE,2024-06-07  5:32:48,2024-06-07  5:32:48
9,937,35,PADRE,2024-06-07  5:32:48,2024-06-07  5:32:48
10,938,35,MADRE,2024-06-07  5:32:48,2024-06-07  5:32:48
11,955,36,PADRE,2024-06-07  5:32:48,2024-06-07  5:32:48
12,956,36,MADRE,2024-06-07  5:32:48,2024-06-07  5:32:48
13,963,37,PADRE,2024-06-07  5:32:48,2024-06-07  5:32:48
14,964,37,MADRE,2024-06-07  5:32:48,2024-06-07  5:32:48
15,969,38,PADRE,2024-06-07  5:32:48,2024-06-07  5:32:48
16,970,38,MADRE,2024-06-07  5:32:48,2024-06-07  5:32:48
17,1017,39,PADRE,2024-06-07  5:32:48,2024-06-07  5:32:48
18,1018,39,MADRE,2024-06-07  5:32:48,2024-06-07  5:32:48
19,1097,40,PADRE,2024-06-07  5:32:48,2024-06-07  5:32:48
20,1098,40,MADRE,2024-06-07  5:32:48,2024-06-07  5:32:48
21,1107,41,PADRE,2024-06-07  5:32:48,2024-06-07  5:32:48
22,1108,41,MADRE,2024-06-07  5:32:48,2024-06-07  5:32:48
23,1113,42,PADRE,2024-06-07  5:32:48,2024-06-07  5:32:48
24,1114,42,MADRE,2024-06-07  5:32:48,2024-06-07  5:32:48
25,1155,43,PADRE,2024-06-07  5:32:48,2024-06-07  5:32:48
26,1156,43,MADRE,2024-06-07  5:32:48,2024-06-07  5:32:48
27,1157,44,PADRE,2024-06-07  5:32:48,2024-06-07  5:32:48
28,1158,44,MADRE,2024-06-07  5:32:48,2024-06-07  5:32:48
29,1167,45,PADRE,2024-06-07  5:32:48,2024-06-07  5:32:48
30,1168,45,MADRE,2024-06-07  5:32:48,2024-06-07  5:32:48
31,1177,46,PADRE,2024-06-07  5:32:48,2024-06-07  5:32:48
32,1178,46,MADRE,2024-06-07  5:32:48,2024-06-07  5:32:48
33,1189,47,PADRE,2024-06-07  5:32:48,2024-06-07  5:32:48
34,1190,47,MADRE,2024-06-07  5:32:48,2024-06-07  5:32:48
35,1245,48,PADRE,2024-06-07  5:32:48,2024-06-07  5:32:48
36,1246,48,MADRE,2024-06-07  5:32:48,2024-06-07  5:32:48
37,1285,49,PADRE,2024-06-07  5:32:48,2024-06-07  5:32:48
38,1286,49,MADRE,2024-06-07  5:32:48,2024-06-07  5:32:48
39,1319,50,PADRE,2024-06-07  5:32:48,2024-06-07  5:32:48
40,1320,50,MADRE,2024-06-07  5:32:48,2024-06-07  5:32:48
41,1329,51,PADRE,2024-06-07  5:32:48,2024-06-07  5:32:48
42,1330,51,MADRE,2024-06-07  5:32:48,2024-06-07  5:32:48
43,1349,52,PADRE,2024-06-07  5:32:48,2024-06-07  5:32:48
44,1350,52,MADRE,2024-06-07  5:32:48,2024-06-07  5:32:48
45,1373,53,PADRE,2024-06-07  5:32:48,2024-06-07  5:32:48
46,1374,53,MADRE,2024-06-07  5:32:48,2024-06-07  5:32:48
47,1409,54,PADRE,2024-06-07  5:32:48,2024-06-07  5:32:48
48,1410,54,MADRE,2024-06-07  5:32:48,2024-06-07  5:32:48
49,1417,55,PADRE,2024-06-07  5:32:48,2024-06-07  5:32:48
50,1418,55,MADRE,2024-06-07  5:32:48,2024-06-07  5:32:48
51,1425,56,PADRE,2024-06-07  5:32:48,2024-06-07  5:32:48
52,1426,56,MADRE,2024-06-07  5:32:48,2024-06-07  5:32:48
53,1477,57,PADRE,2024-06-07  5:32:48,2024-06-07  5:32:48
54,1478,57,MADRE,2024-06-07  5:32:48,2024-06-07  5:32:48
55,1647,58,PADRE,2024-06-07  5:32:48,2024-06-07  5:32:48
56,1648,58,MADRE,2024-06-07  5:32:48,2024-06-07  5:32:48
57,1655,59,PADRE,2024-06-07  5:32:48,2024-06-07  5:32:48
58,1656,59,MADRE,2024-06-07  5:32:48,2024-06-07  5:32:48
59,1721,60,PADRE,2024-06-07  5:32:48,2024-06-07  5:32:48
60,1722,60,MADRE,2024-06-07  5:32:48,2024-06-07  5:32:48
61,1755,61,PADRE,2024-06-07  5:32:48,2024-06-07  5:32:48
62,1756,61,MADRE,2024-06-07  5:32:48,2024-06-07  5:32:48
63,765,62,PADRE,2024-06-07  5:32:48,2024-06-07  5:32:48
64,766,62,MADRE,2024-06-07  5:32:48,2024-06-07  5:32:48
65,813,63,PADRE,2024-06-07  5:32:48,2024-06-07  5:32:48
66,814,63,MADRE,2024-06-07  5:32:48,2024-06-07  5:32:48
67,861,64,PADRE,2024-06-07  5:32:48,2024-06-07  5:32:48
68,862,64,MADRE,2024-06-07  5:32:48,2024-06-07  5:32:48
69,891,65,PADRE,2024-06-07  5:32:48,2024-06-07  5:32:48
70,892,65,MADRE,2024-06-07  5:32:48,2024-06-07  5:32:48
71,927,66,PADRE,2024-06-07  5:32:48,2024-06-07  5:32:48
72,928,66,MADRE,2024-06-07  5:32:48,2024-06-07  5:32:48
73,971,67,PADRE,2024-06-07  5:32:48,2024-06-07  5:32:48
74,972,67,MADRE,2024-06-07  5:32:48,2024-06-07  5:32:48
75,979,68,PADRE,2024-06-07  5:32:48,2024-06-07  5:32:48
76,980,68,MADRE,2024-06-07  5:32:48,2024-06-07  5:32:48
77,1035,69,PADRE,2024-06-07  5:32:48,2024-06-07  5:32:48
78,1036,69,MADRE,2024-06-07  5:32:48,2024-06-07  5:32:48
79,1053,70,PADRE,2024-06-07  5:32:48,2024-06-07  5:32:48
80,1054,70,MADRE,2024-06-07  5:32:48,2024-06-07  5:32:48
81,1087,71,PADRE,2024-06-07  5:32:48,2024-06-07  5:32:48
82,1088,71,MADRE,2024-06-07  5:32:48,2024-06-07  5:32:48
83,1089,72,PADRE,2024-06-07  5:32:48,2024-06-07  5:32:48
84,1090,72,MADRE,2024-06-07  5:32:48,2024-06-07  5:32:48
85,1081,73,PADRE,2024-06-07  5:32:48,2024-06-07  5:32:48
86,1082,73,MADRE,2024-06-07  5:32:48,2024-06-07  5:32:48
87,1179,74,PADRE,2024-06-07  5:32:48,2024-06-07  5:32:48
88,1180,74,MADRE,2024-06-07  5:32:48,2024-06-07  5:32:48
89,1179,75,PADRE,2024-06-07  5:32:48,2024-06-07  5:32:48
90,1180,75,MADRE,2024-06-07  5:32:48,2024-06-07  5:32:48
91,1203,76,PADRE,2024-06-07  5:32:48,2024-06-07  5:32:48
92,1204,76,MADRE,2024-06-07  5:32:48,2024-06-07  5:32:48
93,1203,77,PADRE,2024-06-07  5:32:48,2024-06-07  5:32:48
94,1204,77,MADRE,2024-06-07  5:32:48,2024-06-07  5:32:48
95,1197,78,PADRE,2024-06-07  5:32:48,2024-06-07  5:32:48
96,1198,78,MADRE,2024-06-07  5:32:48,2024-06-07  5:32:48
97,1369,79,PADRE,2024-06-07  5:32:48,2024-06-07  5:32:48
98,1370,79,MADRE,2024-06-07  5:32:48,2024-06-07  5:32:48
99,1403,80,PADRE,2024-06-07  5:32:48,2024-06-07  5:32:48
100,1404,80,MADRE,2024-06-07  5:32:48,2024-06-07  5:32:48
101,1511,81,PADRE,2024-06-07  5:32:48,2024-06-07  5:32:48
102,1512,81,MADRE,2024-06-07  5:32:48,2024-06-07  5:32:48
103,1527,82,PADRE,2024-06-07  5:32:48,2024-06-07  5:32:48
104,1528,82,MADRE,2024-06-07  5:32:48,2024-06-07  5:32:48
105,1541,83,PADRE,2024-06-07  5:32:48,2024-06-07  5:32:48
106,1542,83,MADRE,2024-06-07  5:32:48,2024-06-07  5:32:48
107,1565,84,PADRE,2024-06-07  5:32:48,2024-06-07  5:32:48
108,1566,84,MADRE,2024-06-07  5:32:48,2024-06-07  5:32:48
109,1599,85,PADRE,2024-06-07  5:32:48,2024-06-07  5:32:48
110,1600,85,MADRE,2024-06-07  5:32:48,2024-06-07  5:32:48
111,1595,86,PADRE,2024-06-07  5:32:48,2024-06-07  5:32:48
112,1596,86,MADRE,2024-06-07  5:32:48,2024-06-07  5:32:48
113,1601,87,PADRE,2024-06-07  5:32:48,2024-06-07  5:32:48
114,1602,87,MADRE,2024-06-07  5:32:48,2024-06-07  5:32:48
115,1631,88,PADRE,2024-06-07  5:32:48,2024-06-07  5:32:48
116,1632,88,MADRE,2024-06-07  5:32:48,2024-06-07  5:32:48
117,1665,89,PADRE,2024-06-07  5:32:48,2024-06-07  5:32:48
118,1666,89,MADRE,2024-06-07  5:32:48,2024-06-07  5:32:48
119,1671,90,PADRE,2024-06-07  5:32:48,2024-06-07  5:32:48
120,1672,90,MADRE,2024-06-07  5:32:48,2024-06-07  5:32:48
121,1671,91,PADRE,2024-06-07  5:32:48,2024-06-07  5:32:48
122,1672,91,MADRE,2024-06-07  5:32:48,2024-06-07  5:32:48
123,1709,92,PADRE,2024-06-07  5:32:48,2024-06-07  5:32:48
124,1710,92,MADRE,2024-06-07  5:32:48,2024-06-07  5:32:48
125,1747,93,PADRE,2024-06-07  5:32:48,2024-06-07  5:32:48
126,1748,93,MADRE,2024-06-07  5:32:48,2024-06-07  5:32:48
127,1759,94,PADRE,2024-06-07  5:32:48,2024-06-07  5:32:48
128,1760,94,MADRE,2024-06-07  5:32:48,2024-06-07  5:32:48
129,735,95,PADRE,2024-06-07  5:32:48,2024-06-07  5:32:48
130,736,95,MADRE,2024-06-07  5:32:48,2024-06-07  5:32:48
131,813,96,PADRE,2024-06-07  5:32:48,2024-06-07  5:32:48
132,814,96,MADRE,2024-06-07  5:32:48,2024-06-07  5:32:48
133,845,97,PADRE,2024-06-07  5:32:48,2024-06-07  5:32:48
134,846,97,MADRE,2024-06-07  5:32:48,2024-06-07  5:32:48
135,861,98,PADRE,2024-06-07  5:32:48,2024-06-07  5:32:48
136,862,98,MADRE,2024-06-07  5:32:48,2024-06-07  5:32:48
137,883,99,PADRE,2024-06-07  5:32:48,2024-06-07  5:32:48
138,884,99,MADRE,2024-06-07  5:32:48,2024-06-07  5:32:48
139,929,100,PADRE,2024-06-07  5:32:48,2024-06-07  5:32:48
140,930,100,MADRE,2024-06-07  5:32:48,2024-06-07  5:32:48
141,1033,101,PADRE,2024-06-07  5:32:48,2024-06-07  5:32:48
142,1034,101,MADRE,2024-06-07  5:32:48,2024-06-07  5:32:48
143,1037,102,PADRE,2024-06-07  5:32:48,2024-06-07  5:32:48
144,1038,102,MADRE,2024-06-07  5:32:48,2024-06-07  5:32:48
145,1041,103,PADRE,2024-06-07  5:32:48,2024-06-07  5:32:48
146,1042,103,MADRE,2024-06-07  5:32:48,2024-06-07  5:32:48
147,1045,104,PADRE,2024-06-07  5:32:48,2024-06-07  5:32:48
148,1046,104,MADRE,2024-06-07  5:32:48,2024-06-07  5:32:48
149,1063,105,PADRE,2024-06-07  5:32:48,2024-06-07  5:32:48
150,1064,105,MADRE,2024-06-07  5:32:48,2024-06-07  5:32:48
151,1095,106,PADRE,2024-06-07  5:32:48,2024-06-07  5:32:48
152,1096,106,MADRE,2024-06-07  5:32:48,2024-06-07  5:32:48
153,1129,107,PADRE,2024-06-07  5:32:48,2024-06-07  5:32:48
154,1130,107,MADRE,2024-06-07  5:32:48,2024-06-07  5:32:48
155,1139,108,PADRE,2024-06-07  5:32:48,2024-06-07  5:32:48
156,1140,108,MADRE,2024-06-07  5:32:48,2024-06-07  5:32:48
157,1203,109,PADRE,2024-06-07  5:32:48,2024-06-07  5:32:48
158,1204,109,MADRE,2024-06-07  5:32:48,2024-06-07  5:32:48
159,1259,110,PADRE,2024-06-07  5:32:48,2024-06-07  5:32:48
160,1260,110,MADRE,2024-06-07  5:32:48,2024-06-07  5:32:48
161,1273,111,PADRE,2024-06-07  5:32:48,2024-06-07  5:32:48
162,1274,111,MADRE,2024-06-07  5:32:48,2024-06-07  5:32:48
163,1335,112,PADRE,2024-06-07  5:32:48,2024-06-07  5:32:48
164,1336,112,MADRE,2024-06-07  5:32:48,2024-06-07  5:32:48
165,1351,113,PADRE,2024-06-07  5:32:48,2024-06-07  5:32:48
166,1352,113,MADRE,2024-06-07  5:32:48,2024-06-07  5:32:48
167,1377,114,PADRE,2024-06-07  5:32:48,2024-06-07  5:32:48
168,1378,114,MADRE,2024-06-07  5:32:48,2024-06-07  5:32:48
169,1443,115,PADRE,2024-06-07  5:32:48,2024-06-07  5:32:48
170,1444,115,MADRE,2024-06-07  5:32:48,2024-06-07  5:32:48
171,1455,116,PADRE,2024-06-07  5:32:48,2024-06-07  5:32:48
172,1456,116,MADRE,2024-06-07  5:32:48,2024-06-07  5:32:48
173,1465,117,PADRE,2024-06-07  5:32:48,2024-06-07  5:32:48
174,1466,117,MADRE,2024-06-07  5:32:48,2024-06-07  5:32:48
175,1505,118,PADRE,2024-06-07  5:32:48,2024-06-07  5:32:48
176,1506,118,MADRE,2024-06-07  5:32:48,2024-06-07  5:32:48
177,1523,119,PADRE,2024-06-07  5:32:48,2024-06-07  5:32:48
178,1524,119,MADRE,2024-06-07  5:32:48,2024-06-07  5:32:48
179,1547,120,PADRE,2024-06-07  5:32:48,2024-06-07  5:32:48
180,1548,120,MADRE,2024-06-07  5:32:48,2024-06-07  5:32:48
181,1553,121,PADRE,2024-06-07  5:32:48,2024-06-07  5:32:48
182,1554,121,MADRE,2024-06-07  5:32:48,2024-06-07  5:32:48
183,1623,122,PADRE,2024-06-07  5:32:48,2024-06-07  5:32:48
184,1624,122,MADRE,2024-06-07  5:32:48,2024-06-07  5:32:48
185,1639,123,PADRE,2024-06-07  5:32:48,2024-06-07  5:32:48
186,1640,123,MADRE,2024-06-07  5:32:48,2024-06-07  5:32:48
187,1653,124,PADRE,2024-06-07  5:32:48,2024-06-07  5:32:48
188,1654,124,MADRE,2024-06-07  5:32:48,2024-06-07  5:32:48
189,1701,125,PADRE,2024-06-07  5:32:48,2024-06-07  5:32:48
190,1702,125,MADRE,2024-06-07  5:32:48,2024-06-07  5:32:48
191,1727,126,PADRE,2024-06-07  5:32:48,2024-06-07  5:32:48
192,1728,126,MADRE,2024-06-07  5:32:48,2024-06-07  5:32:48
193,1761,127,PADRE,2024-06-07  5:32:48,2024-06-07  5:32:48
194,1762,127,MADRE,2024-06-07  5:32:48,2024-06-07  5:32:48
195,1783,128,PADRE,2024-06-07  5:32:48,2024-06-07  5:32:48
196,1784,128,MADRE,2024-06-07  5:32:48,2024-06-07  5:32:48
197,829,129,PADRE,2024-06-07  5:32:48,2024-06-07  5:32:48
198,830,129,MADRE,2024-06-07  5:32:48,2024-06-07  5:32:48
199,841,130,PADRE,2024-06-07  5:32:48,2024-06-07  5:32:48
200,842,130,MADRE,2024-06-07  5:32:48,2024-06-07  5:32:48
201,871,131,PADRE,2024-06-07  5:32:48,2024-06-07  5:32:48
202,872,131,MADRE,2024-06-07  5:32:48,2024-06-07  5:32:48
203,907,132,PADRE,2024-06-07  5:32:48,2024-06-07  5:32:48
204,908,132,MADRE,2024-06-07  5:32:48,2024-06-07  5:32:48
205,919,133,PADRE,2024-06-07  5:32:48,2024-06-07  5:32:48
206,920,133,MADRE,2024-06-07  5:32:48,2024-06-07  5:32:48
207,941,134,PADRE,2024-06-07  5:32:48,2024-06-07  5:32:48
208,942,134,MADRE,2024-06-07  5:32:48,2024-06-07  5:32:48
209,949,135,PADRE,2024-06-07  5:32:48,2024-06-07  5:32:48
210,950,135,MADRE,2024-06-07  5:32:48,2024-06-07  5:32:48
211,1005,136,PADRE,2024-06-07  5:32:48,2024-06-07  5:32:48
212,1006,136,MADRE,2024-06-07  5:32:48,2024-06-07  5:32:48
213,1013,137,PADRE,2024-06-07  5:32:48,2024-06-07  5:32:48
214,1014,137,MADRE,2024-06-07  5:32:48,2024-06-07  5:32:48
215,1097,138,PADRE,2024-06-07  5:32:48,2024-06-07  5:32:48
216,1098,138,MADRE,2024-06-07  5:32:48,2024-06-07  5:32:48
217,1165,139,PADRE,2024-06-07  5:32:48,2024-06-07  5:32:48
218,1166,139,MADRE,2024-06-07  5:32:48,2024-06-07  5:32:48
219,1173,140,PADRE,2024-06-07  5:32:48,2024-06-07  5:32:48
220,1174,140,MADRE,2024-06-07  5:32:48,2024-06-07  5:32:48
221,1205,141,PADRE,2024-06-07  5:32:48,2024-06-07  5:32:48
222,1206,141,MADRE,2024-06-07  5:32:48,2024-06-07  5:32:48
223,1215,142,PADRE,2024-06-07  5:32:48,2024-06-07  5:32:48
224,1216,142,MADRE,2024-06-07  5:32:48,2024-06-07  5:32:48
225,1295,143,PADRE,2024-06-07  5:32:48,2024-06-07  5:32:48
226,1296,143,MADRE,2024-06-07  5:32:48,2024-06-07  5:32:48
227,1343,144,PADRE,2024-06-07  5:32:48,2024-06-07  5:32:48
228,1344,144,MADRE,2024-06-07  5:32:48,2024-06-07  5:32:48
229,1383,145,PADRE,2024-06-07  5:32:48,2024-06-07  5:32:48
230,1384,145,MADRE,2024-06-07  5:32:48,2024-06-07  5:32:48
231,1409,146,PADRE,2024-06-07  5:32:48,2024-06-07  5:32:48
232,1410,146,MADRE,2024-06-07  5:32:48,2024-06-07  5:32:48
233,1447,147,PADRE,2024-06-07  5:32:48,2024-06-07  5:32:48
234,1448,147,MADRE,2024-06-07  5:32:48,2024-06-07  5:32:48
235,1459,148,PADRE,2024-06-07  5:32:48,2024-06-07  5:32:48
236,1460,148,MADRE,2024-06-07  5:32:48,2024-06-07  5:32:48
237,1467,149,PADRE,2024-06-07  5:32:48,2024-06-07  5:32:48
238,1468,149,MADRE,2024-06-07  5:32:48,2024-06-07  5:32:48
239,1469,150,PADRE,2024-06-07  5:32:48,2024-06-07  5:32:48
240,1470,150,MADRE,2024-06-07  5:32:48,2024-06-07  5:32:48
241,1473,151,PADRE,2024-06-07  5:32:48,2024-06-07  5:32:48
242,1474,151,MADRE,2024-06-07  5:32:48,2024-06-07  5:32:48
243,1509,152,PADRE,2024-06-07  5:32:48,2024-06-07  5:32:48
244,1510,152,MADRE,2024-06-07  5:32:48,2024-06-07  5:32:48
245,1539,153,PADRE,2024-06-07  5:32:48,2024-06-07  5:32:48
246,1540,153,MADRE,2024-06-07  5:32:48,2024-06-07  5:32:48
247,1557,154,PADRE,2024-06-07  5:32:48,2024-06-07  5:32:48
248,1558,154,MADRE,2024-06-07  5:32:48,2024-06-07  5:32:48
249,1587,155,PADRE,2024-06-07  5:32:48,2024-06-07  5:32:48
250,1588,155,MADRE,2024-06-07  5:32:48,2024-06-07  5:32:48
251,1663,156,PADRE,2024-06-07  5:32:48,2024-06-07  5:32:48
252,1664,156,MADRE,2024-06-07  5:32:48,2024-06-07  5:32:48
253,1679,157,PADRE,2024-06-07  5:32:48,2024-06-07  5:32:48
254,1680,157,MADRE,2024-06-07  5:32:48,2024-06-07  5:32:48
255,1681,158,PADRE,2024-06-07  5:32:48,2024-06-07  5:32:48
256,1682,158,MADRE,2024-06-07  5:32:48,2024-06-07  5:32:48
257,1773,159,PADRE,2024-06-07  5:32:48,2024-06-07  5:32:48
258,1774,159,MADRE,2024-06-07  5:32:48,2024-06-07  5:32:48
259,1789,160,PADRE,2024-06-07  5:32:48,2024-06-07  5:32:48
260,1790,160,MADRE,2024-06-07  5:32:48,2024-06-07  5:32:48
261,769,161,PADRE,2024-06-07  5:32:48,2024-06-07  5:32:48
262,770,161,MADRE,2024-06-07  5:32:48,2024-06-07  5:32:48
263,773,162,PADRE,2024-06-07  5:32:48,2024-06-07  5:32:48
264,774,162,MADRE,2024-06-07  5:32:48,2024-06-07  5:32:48
265,783,163,PADRE,2024-06-07  5:32:48,2024-06-07  5:32:48
266,784,163,MADRE,2024-06-07  5:32:48,2024-06-07  5:32:48
267,821,164,PADRE,2024-06-07  5:32:48,2024-06-07  5:32:48
268,822,164,MADRE,2024-06-07  5:32:48,2024-06-07  5:32:48
269,823,165,PADRE,2024-06-07  5:32:48,2024-06-07  5:32:48
270,824,165,MADRE,2024-06-07  5:32:48,2024-06-07  5:32:48
271,825,166,PADRE,2024-06-07  5:32:48,2024-06-07  5:32:48
272,826,166,MADRE,2024-06-07  5:32:48,2024-06-07  5:32:48
273,835,167,PADRE,2024-06-07  5:32:48,2024-06-07  5:32:48
274,836,167,MADRE,2024-06-07  5:32:48,2024-06-07  5:32:48
275,849,168,PADRE,2024-06-07  5:32:48,2024-06-07  5:32:48
276,850,168,MADRE,2024-06-07  5:32:48,2024-06-07  5:32:48
277,915,169,PADRE,2024-06-07  5:32:48,2024-06-07  5:32:48
278,916,169,MADRE,2024-06-07  5:32:48,2024-06-07  5:32:48
279,933,170,PADRE,2024-06-07  5:32:48,2024-06-07  5:32:48
280,934,170,MADRE,2024-06-07  5:32:48,2024-06-07  5:32:48
281,999,171,PADRE,2024-06-07  5:32:48,2024-06-07  5:32:48
282,1000,171,MADRE,2024-06-07  5:32:48,2024-06-07  5:32:48
283,1087,172,PADRE,2024-06-07  5:32:48,2024-06-07  5:32:48
284,1088,172,MADRE,2024-06-07  5:32:48,2024-06-07  5:32:48
285,1075,173,PADRE,2024-06-07  5:32:48,2024-06-07  5:32:48
286,1076,173,MADRE,2024-06-07  5:32:48,2024-06-07  5:32:48
287,1111,174,PADRE,2024-06-07  5:32:48,2024-06-07  5:32:48
288,1112,174,MADRE,2024-06-07  5:32:48,2024-06-07  5:32:48
289,1129,175,PADRE,2024-06-07  5:32:48,2024-06-07  5:32:48
290,1130,175,MADRE,2024-06-07  5:32:48,2024-06-07  5:32:48
291,1193,176,PADRE,2024-06-07  5:32:48,2024-06-07  5:32:48
292,1194,176,MADRE,2024-06-07  5:32:48,2024-06-07  5:32:48
293,1199,177,PADRE,2024-06-07  5:32:48,2024-06-07  5:32:48
294,1200,177,MADRE,2024-06-07  5:32:48,2024-06-07  5:32:48
295,1253,178,PADRE,2024-06-07  5:32:48,2024-06-07  5:32:48
296,1254,178,MADRE,2024-06-07  5:32:48,2024-06-07  5:32:48
297,1261,179,PADRE,2024-06-07  5:32:48,2024-06-07  5:32:48
298,1262,179,MADRE,2024-06-07  5:32:48,2024-06-07  5:32:48
299,1293,180,PADRE,2024-06-07  5:32:48,2024-06-07  5:32:48
300,1294,180,MADRE,2024-06-07  5:32:48,2024-06-07  5:32:48
301,1291,181,PADRE,2024-06-07  5:32:48,2024-06-07  5:32:48
302,1292,181,MADRE,2024-06-07  5:32:48,2024-06-07  5:32:48
303,1379,182,PADRE,2024-06-07  5:32:48,2024-06-07  5:32:48
304,1380,182,MADRE,2024-06-07  5:32:48,2024-06-07  5:32:48
305,1413,183,PADRE,2024-06-07  5:32:48,2024-06-07  5:32:48
306,1414,183,MADRE,2024-06-07  5:32:48,2024-06-07  5:32:48
307,1465,184,PADRE,2024-06-07  5:32:48,2024-06-07  5:32:48
308,1466,184,MADRE,2024-06-07  5:32:48,2024-06-07  5:32:48
309,1473,185,PADRE,2024-06-07  5:32:48,2024-06-07  5:32:48
310,1474,185,MADRE,2024-06-07  5:32:48,2024-06-07  5:32:48
311,1521,186,PADRE,2024-06-07  5:32:48,2024-06-07  5:32:48
312,1522,186,MADRE,2024-06-07  5:32:48,2024-06-07  5:32:48
313,1525,187,PADRE,2024-06-07  5:32:48,2024-06-07  5:32:48
314,1526,187,MADRE,2024-06-07  5:32:48,2024-06-07  5:32:48
315,1541,188,PADRE,2024-06-07  5:32:48,2024-06-07  5:32:48
316,1542,188,MADRE,2024-06-07  5:32:48,2024-06-07  5:32:48
317,1561,189,PADRE,2024-06-07  5:32:48,2024-06-07  5:32:48
318,1562,189,MADRE,2024-06-07  5:32:48,2024-06-07  5:32:48
319,1575,190,PADRE,2024-06-07  5:32:48,2024-06-07  5:32:48
320,1576,190,MADRE,2024-06-07  5:32:48,2024-06-07  5:32:48
321,1611,191,PADRE,2024-06-07  5:32:48,2024-06-07  5:32:48
322,1612,191,MADRE,2024-06-07  5:32:48,2024-06-07  5:32:48
323,1643,192,PADRE,2024-06-07  5:32:48,2024-06-07  5:32:48
324,1644,192,MADRE,2024-06-07  5:32:48,2024-06-07  5:32:48
325,1651,193,PADRE,2024-06-07  5:32:48,2024-06-07  5:32:48
326,1652,193,MADRE,2024-06-07  5:32:48,2024-06-07  5:32:48
327,1655,194,PADRE,2024-06-07  5:32:48,2024-06-07  5:32:48
328,1656,194,MADRE,2024-06-07  5:32:48,2024-06-07  5:32:48
329,1693,195,PADRE,2024-06-07  5:32:48,2024-06-07  5:32:48
330,1694,195,MADRE,2024-06-07  5:32:48,2024-06-07  5:32:48
331,1731,196,PADRE,2024-06-07  5:32:48,2024-06-07  5:32:48
332,1732,196,MADRE,2024-06-07  5:32:48,2024-06-07  5:32:48
333,1767,197,PADRE,2024-06-07  5:32:48,2024-06-07  5:32:48
334,1768,197,MADRE,2024-06-07  5:32:48,2024-06-07  5:32:48
335,1769,198,PADRE,2024-06-07  5:32:48,2024-06-07  5:32:48
336,1770,198,MADRE,2024-06-07  5:32:48,2024-06-07  5:32:48
337,799,199,PADRE,2024-06-07  5:32:48,2024-06-07  5:32:48
338,800,199,MADRE,2024-06-07  5:32:48,2024-06-07  5:32:48
339,801,200,PADRE,2024-06-07  5:32:48,2024-06-07  5:32:48
340,802,200,MADRE,2024-06-07  5:32:48,2024-06-07  5:32:48
341,871,201,PADRE,2024-06-07  5:32:48,2024-06-07  5:32:48
342,872,201,MADRE,2024-06-07  5:32:48,2024-06-07  5:32:48
343,909,202,PADRE,2024-06-07  5:32:48,2024-06-07  5:32:48
344,910,202,MADRE,2024-06-07  5:32:48,2024-06-07  5:32:48
345,957,203,PADRE,2024-06-07  5:32:48,2024-06-07  5:32:48
346,958,203,MADRE,2024-06-07  5:32:48,2024-06-07  5:32:48
347,977,204,PADRE,2024-06-07  5:32:48,2024-06-07  5:32:48
348,978,204,MADRE,2024-06-07  5:32:48,2024-06-07  5:32:48
349,985,205,PADRE,2024-06-07  5:32:48,2024-06-07  5:32:48
350,986,205,MADRE,2024-06-07  5:32:48,2024-06-07  5:32:48
351,1009,206,PADRE,2024-06-07  5:32:48,2024-06-07  5:32:48
352,1010,206,MADRE,2024-06-07  5:32:48,2024-06-07  5:32:48
353,1013,207,PADRE,2024-06-07  5:32:48,2024-06-07  5:32:48
354,1014,207,MADRE,2024-06-07  5:32:48,2024-06-07  5:32:48
355,1069,208,PADRE,2024-06-07  5:32:48,2024-06-07  5:32:48
356,1070,208,MADRE,2024-06-07  5:32:48,2024-06-07  5:32:48
357,1111,209,PADRE,2024-06-07  5:32:48,2024-06-07  5:32:48
358,1112,209,MADRE,2024-06-07  5:32:48,2024-06-07  5:32:48
359,1139,210,PADRE,2024-06-07  5:32:48,2024-06-07  5:32:48
360,1140,210,MADRE,2024-06-07  5:32:48,2024-06-07  5:32:48
361,1157,211,PADRE,2024-06-07  5:32:48,2024-06-07  5:32:48
362,1158,211,MADRE,2024-06-07  5:32:48,2024-06-07  5:32:48
363,1175,212,PADRE,2024-06-07  5:32:48,2024-06-07  5:32:48
364,1176,212,MADRE,2024-06-07  5:32:48,2024-06-07  5:32:48
365,1181,213,PADRE,2024-06-07  5:32:48,2024-06-07  5:32:48
366,1182,213,MADRE,2024-06-07  5:32:48,2024-06-07  5:32:48
367,1209,214,PADRE,2024-06-07  5:32:48,2024-06-07  5:32:48
368,1210,214,MADRE,2024-06-07  5:32:48,2024-06-07  5:32:48
369,1217,215,PADRE,2024-06-07  5:32:48,2024-06-07  5:32:48
370,1218,215,MADRE,2024-06-07  5:32:48,2024-06-07  5:32:48
371,1339,216,PADRE,2024-06-07  5:32:48,2024-06-07  5:32:48
372,1340,216,MADRE,2024-06-07  5:32:48,2024-06-07  5:32:48
373,1363,217,PADRE,2024-06-07  5:32:48,2024-06-07  5:32:48
374,1364,217,MADRE,2024-06-07  5:32:48,2024-06-07  5:32:48
375,1401,218,PADRE,2024-06-07  5:32:48,2024-06-07  5:32:48
376,1402,218,MADRE,2024-06-07  5:32:48,2024-06-07  5:32:48
377,1399,219,PADRE,2024-06-07  5:32:48,2024-06-07  5:32:48
378,1400,219,MADRE,2024-06-07  5:32:48,2024-06-07  5:32:48
379,1429,220,PADRE,2024-06-07  5:32:48,2024-06-07  5:32:48
380,1430,220,MADRE,2024-06-07  5:32:48,2024-06-07  5:32:48
381,1441,221,PADRE,2024-06-07  5:32:48,2024-06-07  5:32:48
382,1442,221,MADRE,2024-06-07  5:32:48,2024-06-07  5:32:48
383,1453,222,PADRE,2024-06-07  5:32:48,2024-06-07  5:32:48
384,1454,222,MADRE,2024-06-07  5:32:48,2024-06-07  5:32:48
385,1549,223,PADRE,2024-06-07  5:32:48,2024-06-07  5:32:48
386,1550,223,MADRE,2024-06-07  5:32:48,2024-06-07  5:32:48
387,1569,224,PADRE,2024-06-07  5:32:48,2024-06-07  5:32:48
388,1570,224,MADRE,2024-06-07  5:32:48,2024-06-07  5:32:48
389,1577,225,PADRE,2024-06-07  5:32:48,2024-06-07  5:32:48
390,1578,225,MADRE,2024-06-07  5:32:48,2024-06-07  5:32:48
391,1605,226,PADRE,2024-06-07  5:32:48,2024-06-07  5:32:48
392,1606,226,MADRE,2024-06-07  5:32:48,2024-06-07  5:32:48
393,1613,227,PADRE,2024-06-07  5:32:48,2024-06-07  5:32:48
394,1614,227,MADRE,2024-06-07  5:32:48,2024-06-07  5:32:48
395,1617,228,PADRE,2024-06-07  5:32:48,2024-06-07  5:32:48
396,1618,228,MADRE,2024-06-07  5:32:48,2024-06-07  5:32:48
397,1627,229,PADRE,2024-06-07  5:32:48,2024-06-07  5:32:48
398,1628,229,MADRE,2024-06-07  5:32:48,2024-06-07  5:32:48
399,1645,230,PADRE,2024-06-07  5:32:48,2024-06-07  5:32:48
400,1646,230,MADRE,2024-06-07  5:32:48,2024-06-07  5:32:48
401,1733,231,PADRE,2024-06-07  5:32:48,2024-06-07  5:32:48
402,1734,231,MADRE,2024-06-07  5:32:48,2024-06-07  5:32:48
403,1753,232,PADRE,2024-06-07  5:32:48,2024-06-07  5:32:48
404,1754,232,MADRE,2024-06-07  5:32:48,2024-06-07  5:32:48
405,1765,233,PADRE,2024-06-07  5:32:48,2024-06-07  5:32:48
406,1766,233,MADRE,2024-06-07  5:32:48,2024-06-07  5:32:48
407,1775,234,PADRE,2024-06-07  5:32:48,2024-06-07  5:32:48
408,1776,234,MADRE,2024-06-07  5:32:48,2024-06-07  5:32:48
409,745,235,PADRE,2024-06-07  5:32:48,2024-06-07  5:32:48
410,746,235,MADRE,2024-06-07  5:32:48,2024-06-07  5:32:48
411,947,236,PADRE,2024-06-07  5:32:48,2024-06-07  5:32:48
412,948,236,MADRE,2024-06-07  5:32:48,2024-06-07  5:32:48
413,967,237,PADRE,2024-06-07  5:32:48,2024-06-07  5:32:48
414,968,237,MADRE,2024-06-07  5:32:48,2024-06-07  5:32:48
415,973,238,PADRE,2024-06-07  5:32:48,2024-06-07  5:32:48
416,974,238,MADRE,2024-06-07  5:32:48,2024-06-07  5:32:48
417,987,239,PADRE,2024-06-07  5:32:48,2024-06-07  5:32:48
418,988,239,MADRE,2024-06-07  5:32:48,2024-06-07  5:32:48
419,1001,240,PADRE,2024-06-07  5:32:48,2024-06-07  5:32:48
420,1002,240,MADRE,2024-06-07  5:32:48,2024-06-07  5:32:48
421,1029,241,PADRE,2024-06-07  5:32:48,2024-06-07  5:32:48
422,1030,241,MADRE,2024-06-07  5:32:48,2024-06-07  5:32:48
423,1033,242,PADRE,2024-06-07  5:32:48,2024-06-07  5:32:48
424,1034,242,MADRE,2024-06-07  5:32:48,2024-06-07  5:32:48
425,1055,243,PADRE,2024-06-07  5:32:48,2024-06-07  5:32:48
426,1056,243,MADRE,2024-06-07  5:32:48,2024-06-07  5:32:48
427,1099,244,PADRE,2024-06-07  5:32:48,2024-06-07  5:32:48
428,1100,244,MADRE,2024-06-07  5:32:48,2024-06-07  5:32:48
429,1077,245,PADRE,2024-06-07  5:32:48,2024-06-07  5:32:48
430,1078,245,MADRE,2024-06-07  5:32:48,2024-06-07  5:32:48
431,1105,246,PADRE,2024-06-07  5:32:48,2024-06-07  5:32:48
432,1106,246,MADRE,2024-06-07  5:32:48,2024-06-07  5:32:48
433,1131,247,PADRE,2024-06-07  5:32:48,2024-06-07  5:32:48
434,1132,247,MADRE,2024-06-07  5:32:48,2024-06-07  5:32:48
435,1151,248,PADRE,2024-06-07  5:32:48,2024-06-07  5:32:48
436,1152,248,MADRE,2024-06-07  5:32:48,2024-06-07  5:32:48
437,1201,249,PADRE,2024-06-07  5:32:48,2024-06-07  5:32:48
438,1202,249,MADRE,2024-06-07  5:32:48,2024-06-07  5:32:48
439,1207,250,PADRE,2024-06-07  5:32:48,2024-06-07  5:32:48
440,1208,250,MADRE,2024-06-07  5:32:48,2024-06-07  5:32:48
441,1223,251,PADRE,2024-06-07  5:32:48,2024-06-07  5:32:48
442,1224,251,MADRE,2024-06-07  5:32:48,2024-06-07  5:32:48
443,1235,252,PADRE,2024-06-07  5:32:48,2024-06-07  5:32:48
444,1236,252,MADRE,2024-06-07  5:32:48,2024-06-07  5:32:48
445,1259,253,PADRE,2024-06-07  5:32:48,2024-06-07  5:32:48
446,1260,253,MADRE,2024-06-07  5:32:48,2024-06-07  5:32:48
447,1263,254,PADRE,2024-06-07  5:32:48,2024-06-07  5:32:48
448,1264,254,MADRE,2024-06-07  5:32:48,2024-06-07  5:32:48
449,1285,255,PADRE,2024-06-07  5:32:48,2024-06-07  5:32:48
450,1286,255,MADRE,2024-06-07  5:32:48,2024-06-07  5:32:48
451,1335,256,PADRE,2024-06-07  5:32:48,2024-06-07  5:32:48
452,1336,256,MADRE,2024-06-07  5:32:48,2024-06-07  5:32:48
453,1387,257,PADRE,2024-06-07  5:32:48,2024-06-07  5:32:48
454,1388,257,MADRE,2024-06-07  5:32:48,2024-06-07  5:32:48
455,1391,258,PADRE,2024-06-07  5:32:48,2024-06-07  5:32:48
456,1392,258,MADRE,2024-06-07  5:32:48,2024-06-07  5:32:48
457,1407,259,PADRE,2024-06-07  5:32:48,2024-06-07  5:32:48
458,1408,259,MADRE,2024-06-07  5:32:48,2024-06-07  5:32:48
459,1433,260,PADRE,2024-06-07  5:32:48,2024-06-07  5:32:48
460,1434,260,MADRE,2024-06-07  5:32:48,2024-06-07  5:32:48
461,1495,261,PADRE,2024-06-07  5:32:48,2024-06-07  5:32:48
462,1496,261,MADRE,2024-06-07  5:32:48,2024-06-07  5:32:48
463,1509,262,PADRE,2024-06-07  5:32:48,2024-06-07  5:32:48
464,1510,262,MADRE,2024-06-07  5:32:48,2024-06-07  5:32:48
465,1565,263,PADRE,2024-06-07  5:32:48,2024-06-07  5:32:48
466,1566,263,MADRE,2024-06-07  5:32:48,2024-06-07  5:32:48
467,1581,264,PADRE,2024-06-07  5:32:48,2024-06-07  5:32:48
468,1582,264,MADRE,2024-06-07  5:32:48,2024-06-07  5:32:48
469,1779,265,PADRE,2024-06-07  5:32:48,2024-06-07  5:32:48
470,1780,265,MADRE,2024-06-07  5:32:48,2024-06-07  5:32:48
471,1785,266,PADRE,2024-06-07  5:32:48,2024-06-07  5:32:48
472,1786,266,MADRE,2024-06-07  5:32:48,2024-06-07  5:32:48
473,771,267,PADRE,2024-06-07  5:32:48,2024-06-07  5:32:48
474,772,267,MADRE,2024-06-07  5:32:48,2024-06-07  5:32:48
475,823,268,PADRE,2024-06-07  5:32:48,2024-06-07  5:32:48
476,824,268,MADRE,2024-06-07  5:32:48,2024-06-07  5:32:48
477,831,269,PADRE,2024-06-07  5:32:48,2024-06-07  5:32:48
478,832,269,MADRE,2024-06-07  5:32:48,2024-06-07  5:32:48
479,869,270,PADRE,2024-06-07  5:32:48,2024-06-07  5:32:48
480,870,270,MADRE,2024-06-07  5:32:48,2024-06-07  5:32:48
481,887,271,PADRE,2024-06-07  5:32:48,2024-06-07  5:32:48
482,888,271,MADRE,2024-06-07  5:32:48,2024-06-07  5:32:48
483,923,272,PADRE,2024-06-07  5:32:48,2024-06-07  5:32:48
484,924,272,MADRE,2024-06-07  5:32:48,2024-06-07  5:32:48
485,927,273,PADRE,2024-06-07  5:32:48,2024-06-07  5:32:48
486,928,273,MADRE,2024-06-07  5:32:48,2024-06-07  5:32:48
487,939,274,PADRE,2024-06-07  5:32:48,2024-06-07  5:32:48
488,940,274,MADRE,2024-06-07  5:32:48,2024-06-07  5:32:48
489,991,275,PADRE,2024-06-07  5:32:48,2024-06-07  5:32:48
490,992,275,MADRE,2024-06-07  5:32:48,2024-06-07  5:32:48
491,1073,276,PADRE,2024-06-07  5:32:48,2024-06-07  5:32:48
492,1074,276,MADRE,2024-06-07  5:32:48,2024-06-07  5:32:48
493,1143,277,PADRE,2024-06-07  5:32:48,2024-06-07  5:32:48
494,1144,277,MADRE,2024-06-07  5:32:48,2024-06-07  5:32:48
495,1171,278,PADRE,2024-06-07  5:32:48,2024-06-07  5:32:48
496,1172,278,MADRE,2024-06-07  5:32:48,2024-06-07  5:32:48
497,1187,279,PADRE,2024-06-07  5:32:48,2024-06-07  5:32:48
498,1188,279,MADRE,2024-06-07  5:32:48,2024-06-07  5:32:48
499,1213,280,PADRE,2024-06-07  5:32:48,2024-06-07  5:32:48
500,1214,280,MADRE,2024-06-07  5:32:48,2024-06-07  5:32:48
501,1247,281,PADRE,2024-06-07  5:32:48,2024-06-07  5:32:48
502,1248,281,MADRE,2024-06-07  5:32:48,2024-06-07  5:32:48
503,1329,282,PADRE,2024-06-07  5:32:48,2024-06-07  5:32:48
504,1330,282,MADRE,2024-06-07  5:32:48,2024-06-07  5:32:48
505,1333,283,PADRE,2024-06-07  5:32:48,2024-06-07  5:32:48
506,1334,283,MADRE,2024-06-07  5:32:48,2024-06-07  5:32:48
507,1377,284,PADRE,2024-06-07  5:32:48,2024-06-07  5:32:48
508,1378,284,MADRE,2024-06-07  5:32:48,2024-06-07  5:32:48
509,1393,285,PADRE,2024-06-07  5:32:48,2024-06-07  5:32:48
510,1394,285,MADRE,2024-06-07  5:32:48,2024-06-07  5:32:48
511,1423,286,PADRE,2024-06-07  5:32:48,2024-06-07  5:32:48
512,1424,286,MADRE,2024-06-07  5:32:48,2024-06-07  5:32:48
513,1441,287,PADRE,2024-06-07  5:32:48,2024-06-07  5:32:48
514,1442,287,MADRE,2024-06-07  5:32:48,2024-06-07  5:32:48
515,1445,288,PADRE,2024-06-07  5:32:48,2024-06-07  5:32:48
516,1446,288,MADRE,2024-06-07  5:32:48,2024-06-07  5:32:48
517,1475,289,PADRE,2024-06-07  5:32:48,2024-06-07  5:32:48
518,1476,289,MADRE,2024-06-07  5:32:48,2024-06-07  5:32:48
519,1497,290,PADRE,2024-06-07  5:32:48,2024-06-07  5:32:48
520,1498,290,MADRE,2024-06-07  5:32:48,2024-06-07  5:32:48
521,1573,291,PADRE,2024-06-07  5:32:48,2024-06-07  5:32:48
522,1574,291,MADRE,2024-06-07  5:32:48,2024-06-07  5:32:48
523,1583,292,PADRE,2024-06-07  5:32:48,2024-06-07  5:32:48
524,1584,292,MADRE,2024-06-07  5:32:48,2024-06-07  5:32:48
525,1691,293,PADRE,2024-06-07  5:32:48,2024-06-07  5:32:48
526,1692,293,MADRE,2024-06-07  5:32:48,2024-06-07  5:32:48
527,1695,294,PADRE,2024-06-07  5:32:48,2024-06-07  5:32:48
528,1696,294,MADRE,2024-06-07  5:32:48,2024-06-07  5:32:48
529,1719,295,PADRE,2024-06-07  5:32:48,2024-06-07  5:32:48
530,1720,295,MADRE,2024-06-07  5:32:48,2024-06-07  5:32:48
531,1729,296,PADRE,2024-06-07  5:32:48,2024-06-07  5:32:48
532,1730,296,MADRE,2024-06-07  5:32:48,2024-06-07  5:32:48
533,1717,297,PADRE,2024-06-07  5:32:48,2024-06-07  5:32:48
534,1718,297,MADRE,2024-06-07  5:32:48,2024-06-07  5:32:48
535,763,298,PADRE,2024-06-07  5:32:48,2024-06-07  5:32:48
536,764,298,MADRE,2024-06-07  5:32:48,2024-06-07  5:32:48
537,759,299,PADRE,2024-06-07  5:32:48,2024-06-07  5:32:48
538,760,299,MADRE,2024-06-07  5:32:48,2024-06-07  5:32:48
539,769,300,PADRE,2024-06-07  5:32:48,2024-06-07  5:32:48
540,770,300,MADRE,2024-06-07  5:32:48,2024-06-07  5:32:48
541,785,301,PADRE,2024-06-07  5:32:48,2024-06-07  5:32:48
542,786,301,MADRE,2024-06-07  5:32:48,2024-06-07  5:32:48
543,875,302,PADRE,2024-06-07  5:32:48,2024-06-07  5:32:48
544,876,302,MADRE,2024-06-07  5:32:48,2024-06-07  5:32:48
545,905,303,PADRE,2024-06-07  5:32:48,2024-06-07  5:32:48
546,906,303,MADRE,2024-06-07  5:32:48,2024-06-07  5:32:48
547,921,304,PADRE,2024-06-07  5:32:48,2024-06-07  5:32:48
548,922,304,MADRE,2024-06-07  5:32:48,2024-06-07  5:32:48
549,951,305,PADRE,2024-06-07  5:32:48,2024-06-07  5:32:48
550,952,305,MADRE,2024-06-07  5:32:48,2024-06-07  5:32:48
551,949,306,PADRE,2024-06-07  5:32:48,2024-06-07  5:32:48
552,950,306,MADRE,2024-06-07  5:32:48,2024-06-07  5:32:48
553,961,307,PADRE,2024-06-07  5:32:48,2024-06-07  5:32:48
554,962,307,MADRE,2024-06-07  5:32:48,2024-06-07  5:32:48
555,1001,308,PADRE,2024-06-07  5:32:48,2024-06-07  5:32:48
556,1002,308,MADRE,2024-06-07  5:32:48,2024-06-07  5:32:48
557,1093,309,PADRE,2024-06-07  5:32:48,2024-06-07  5:32:48
558,1094,309,MADRE,2024-06-07  5:32:48,2024-06-07  5:32:48
559,1083,310,PADRE,2024-06-07  5:32:48,2024-06-07  5:32:48
560,1084,310,MADRE,2024-06-07  5:32:48,2024-06-07  5:32:48
561,1067,311,PADRE,2024-06-07  5:32:48,2024-06-07  5:32:48
562,1068,311,MADRE,2024-06-07  5:32:48,2024-06-07  5:32:48
563,1155,312,PADRE,2024-06-07  5:32:48,2024-06-07  5:32:48
564,1156,312,MADRE,2024-06-07  5:32:48,2024-06-07  5:32:48
565,1159,313,PADRE,2024-06-07  5:32:48,2024-06-07  5:32:48
566,1160,313,MADRE,2024-06-07  5:32:48,2024-06-07  5:32:48
567,1277,314,PADRE,2024-06-07  5:32:48,2024-06-07  5:32:48
568,1278,314,MADRE,2024-06-07  5:32:48,2024-06-07  5:32:48
569,1283,315,PADRE,2024-06-07  5:32:48,2024-06-07  5:32:48
570,1284,315,MADRE,2024-06-07  5:32:48,2024-06-07  5:32:48
571,1291,316,PADRE,2024-06-07  5:32:48,2024-06-07  5:32:48
572,1292,316,MADRE,2024-06-07  5:32:48,2024-06-07  5:32:48
573,1321,317,PADRE,2024-06-07  5:32:48,2024-06-07  5:32:48
574,1322,317,MADRE,2024-06-07  5:32:48,2024-06-07  5:32:48
575,1395,318,PADRE,2024-06-07  5:32:48,2024-06-07  5:32:48
576,1396,318,MADRE,2024-06-07  5:32:48,2024-06-07  5:32:48
577,1399,319,PADRE,2024-06-07  5:32:48,2024-06-07  5:32:48
578,1400,319,MADRE,2024-06-07  5:32:48,2024-06-07  5:32:48
579,1419,320,PADRE,2024-06-07  5:32:48,2024-06-07  5:32:48
580,1420,320,MADRE,2024-06-07  5:32:48,2024-06-07  5:32:48
581,1417,321,PADRE,2024-06-07  5:32:48,2024-06-07  5:32:48
582,1418,321,MADRE,2024-06-07  5:32:48,2024-06-07  5:32:48
583,1429,322,PADRE,2024-06-07  5:32:48,2024-06-07  5:32:48
584,1430,322,MADRE,2024-06-07  5:32:48,2024-06-07  5:32:48
585,1479,323,PADRE,2024-06-07  5:32:48,2024-06-07  5:32:48
586,1480,323,MADRE,2024-06-07  5:32:48,2024-06-07  5:32:48
587,1489,324,PADRE,2024-06-07  5:32:48,2024-06-07  5:32:48
588,1490,324,MADRE,2024-06-07  5:32:48,2024-06-07  5:32:48
589,1501,325,PADRE,2024-06-07  5:32:48,2024-06-07  5:32:48
590,1502,325,MADRE,2024-06-07  5:32:48,2024-06-07  5:32:48
591,1555,326,PADRE,2024-06-07  5:32:48,2024-06-07  5:32:48
592,1556,326,MADRE,2024-06-07  5:32:48,2024-06-07  5:32:48
593,1559,327,PADRE,2024-06-07  5:32:48,2024-06-07  5:32:48
594,1560,327,MADRE,2024-06-07  5:32:48,2024-06-07  5:32:48
595,1567,328,PADRE,2024-06-07  5:32:48,2024-06-07  5:32:48
596,1568,328,MADRE,2024-06-07  5:32:48,2024-06-07  5:32:48
597,1603,329,PADRE,2024-06-07  5:32:48,2024-06-07  5:32:48
598,1604,329,MADRE,2024-06-07  5:32:48,2024-06-07  5:32:48
599,1687,330,PADRE,2024-06-07  5:32:48,2024-06-07  5:32:48
600,1688,330,MADRE,2024-06-07  5:32:48,2024-06-07  5:32:48
601,1707,331,PADRE,2024-06-07  5:32:48,2024-06-07  5:32:48
602,1708,331,MADRE,2024-06-07  5:32:48,2024-06-07  5:32:48
603,1737,332,PADRE,2024-06-07  5:32:48,2024-06-07  5:32:48
604,1738,332,MADRE,2024-06-07  5:32:48,2024-06-07  5:32:48
605,1769,333,PADRE,2024-06-07  5:32:48,2024-06-07  5:32:48
606,1770,333,MADRE,2024-06-07  5:32:48,2024-06-07  5:32:48
607,1777,334,PADRE,2024-06-07  5:32:48,2024-06-07  5:32:48
608,1778,334,MADRE,2024-06-07  5:32:48,2024-06-07  5:32:48
609,773,335,PADRE,2024-06-07  5:32:48,2024-06-07  5:32:48
610,774,335,MADRE,2024-06-07  5:32:48,2024-06-07  5:32:48
611,803,336,PADRE,2024-06-07  5:32:48,2024-06-07  5:32:48
612,804,336,MADRE,2024-06-07  5:32:48,2024-06-07  5:32:48
613,817,337,PADRE,2024-06-07  5:32:48,2024-06-07  5:32:48
614,818,337,MADRE,2024-06-07  5:32:48,2024-06-07  5:32:48
615,833,338,PADRE,2024-06-07  5:32:48,2024-06-07  5:32:48
616,834,338,MADRE,2024-06-07  5:32:48,2024-06-07  5:32:48
617,851,339,PADRE,2024-06-07  5:32:48,2024-06-07  5:32:48
618,852,339,MADRE,2024-06-07  5:32:48,2024-06-07  5:32:48
619,855,340,PADRE,2024-06-07  5:32:48,2024-06-07  5:32:48
620,856,340,MADRE,2024-06-07  5:32:48,2024-06-07  5:32:48
621,879,341,PADRE,2024-06-07  5:32:48,2024-06-07  5:32:48
622,880,341,MADRE,2024-06-07  5:32:48,2024-06-07  5:32:48
623,893,342,PADRE,2024-06-07  5:32:48,2024-06-07  5:32:48
624,894,342,MADRE,2024-06-07  5:32:48,2024-06-07  5:32:48
625,945,343,PADRE,2024-06-07  5:32:48,2024-06-07  5:32:48
626,946,343,MADRE,2024-06-07  5:32:48,2024-06-07  5:32:48
627,1079,344,PADRE,2024-06-07  5:32:48,2024-06-07  5:32:48
628,1080,344,MADRE,2024-06-07  5:32:48,2024-06-07  5:32:48
629,1119,345,PADRE,2024-06-07  5:32:48,2024-06-07  5:32:48
630,1120,345,MADRE,2024-06-07  5:32:48,2024-06-07  5:32:48
631,1123,346,PADRE,2024-06-07  5:32:48,2024-06-07  5:32:48
632,1124,346,MADRE,2024-06-07  5:32:48,2024-06-07  5:32:48
633,1145,347,PADRE,2024-06-07  5:32:48,2024-06-07  5:32:48
634,1146,347,MADRE,2024-06-07  5:32:48,2024-06-07  5:32:48
635,1165,348,PADRE,2024-06-07  5:32:48,2024-06-07  5:32:48
636,1166,348,MADRE,2024-06-07  5:32:48,2024-06-07  5:32:48
637,1169,349,PADRE,2024-06-07  5:32:48,2024-06-07  5:32:48
638,1170,349,MADRE,2024-06-07  5:32:48,2024-06-07  5:32:48
639,1193,350,PADRE,2024-06-07  5:32:48,2024-06-07  5:32:48
640,1194,350,MADRE,2024-06-07  5:32:48,2024-06-07  5:32:48
641,1211,351,PADRE,2024-06-07  5:32:48,2024-06-07  5:32:48
642,1212,351,MADRE,2024-06-07  5:32:48,2024-06-07  5:32:48
643,1223,352,PADRE,2024-06-07  5:32:48,2024-06-07  5:32:48
644,1224,352,MADRE,2024-06-07  5:32:48,2024-06-07  5:32:48
645,1289,353,PADRE,2024-06-07  5:32:48,2024-06-07  5:32:48
646,1290,353,MADRE,2024-06-07  5:32:48,2024-06-07  5:32:48
647,1293,354,PADRE,2024-06-07  5:32:48,2024-06-07  5:32:48
648,1294,354,MADRE,2024-06-07  5:32:48,2024-06-07  5:32:48
649,1301,355,PADRE,2024-06-07  5:32:48,2024-06-07  5:32:48
650,1302,355,MADRE,2024-06-07  5:32:48,2024-06-07  5:32:48
651,1317,356,PADRE,2024-06-07  5:32:48,2024-06-07  5:32:48
652,1318,356,MADRE,2024-06-07  5:32:48,2024-06-07  5:32:48
653,1351,357,PADRE,2024-06-07  5:32:48,2024-06-07  5:32:48
654,1352,357,MADRE,2024-06-07  5:32:48,2024-06-07  5:32:48
655,1381,358,PADRE,2024-06-07  5:32:48,2024-06-07  5:32:48
656,1382,358,MADRE,2024-06-07  5:32:48,2024-06-07  5:32:48
657,1393,359,PADRE,2024-06-07  5:32:48,2024-06-07  5:32:48
658,1394,359,MADRE,2024-06-07  5:32:48,2024-06-07  5:32:48
659,1421,360,PADRE,2024-06-07  5:32:48,2024-06-07  5:32:48
660,1422,360,MADRE,2024-06-07  5:32:48,2024-06-07  5:32:48
661,1433,361,PADRE,2024-06-07  5:32:48,2024-06-07  5:32:48
662,1434,361,MADRE,2024-06-07  5:32:48,2024-06-07  5:32:48
663,1435,362,PADRE,2024-06-07  5:32:48,2024-06-07  5:32:48
664,1436,362,MADRE,2024-06-07  5:32:48,2024-06-07  5:32:48
665,1459,363,PADRE,2024-06-07  5:32:48,2024-06-07  5:32:48
666,1460,363,MADRE,2024-06-07  5:32:48,2024-06-07  5:32:48
667,1469,364,PADRE,2024-06-07  5:32:48,2024-06-07  5:32:48
668,1470,364,MADRE,2024-06-07  5:32:48,2024-06-07  5:32:48
669,1493,365,PADRE,2024-06-07  5:32:48,2024-06-07  5:32:48
670,1494,365,MADRE,2024-06-07  5:32:48,2024-06-07  5:32:48
671,1535,366,PADRE,2024-06-07  5:32:48,2024-06-07  5:32:48
672,1536,366,MADRE,2024-06-07  5:32:48,2024-06-07  5:32:48
673,1563,367,PADRE,2024-06-07  5:32:48,2024-06-07  5:32:48
674,1564,367,MADRE,2024-06-07  5:32:48,2024-06-07  5:32:48
675,1581,368,PADRE,2024-06-07  5:32:48,2024-06-07  5:32:48
676,1582,368,MADRE,2024-06-07  5:32:48,2024-06-07  5:32:48
677,1595,369,PADRE,2024-06-07  5:32:48,2024-06-07  5:32:48
678,1596,369,MADRE,2024-06-07  5:32:48,2024-06-07  5:32:48
679,1649,370,PADRE,2024-06-07  5:32:48,2024-06-07  5:32:48
680,1650,370,MADRE,2024-06-07  5:32:48,2024-06-07  5:32:48
681,1689,371,PADRE,2024-06-07  5:32:48,2024-06-07  5:32:48
682,1690,371,MADRE,2024-06-07  5:32:48,2024-06-07  5:32:48
683,1705,372,PADRE,2024-06-07  5:32:48,2024-06-07  5:32:48
684,1706,372,MADRE,2024-06-07  5:32:48,2024-06-07  5:32:48
685,1739,373,PADRE,2024-06-07  5:32:48,2024-06-07  5:32:48
686,1740,373,MADRE,2024-06-07  5:32:48,2024-06-07  5:32:48
687,1781,374,PADRE,2024-06-07  5:32:48,2024-06-07  5:32:48
688,1782,374,MADRE,2024-06-07  5:32:48,2024-06-07  5:32:48
689,747,375,PADRE,2024-06-07  5:32:48,2024-06-07  5:32:48
690,748,375,MADRE,2024-06-07  5:32:48,2024-06-07  5:32:48
691,749,376,PADRE,2024-06-07  5:32:48,2024-06-07  5:32:48
692,750,376,MADRE,2024-06-07  5:32:48,2024-06-07  5:32:48
693,797,377,PADRE,2024-06-07  5:32:48,2024-06-07  5:32:48
694,798,377,MADRE,2024-06-07  5:32:48,2024-06-07  5:32:48
695,813,378,PADRE,2024-06-07  5:32:48,2024-06-07  5:32:48
696,814,378,MADRE,2024-06-07  5:32:48,2024-06-07  5:32:48
697,833,379,PADRE,2024-06-07  5:32:48,2024-06-07  5:32:48
698,834,379,MADRE,2024-06-07  5:32:48,2024-06-07  5:32:48
699,843,380,PADRE,2024-06-07  5:32:48,2024-06-07  5:32:48
700,844,380,MADRE,2024-06-07  5:32:48,2024-06-07  5:32:48
701,965,381,PADRE,2024-06-07  5:32:48,2024-06-07  5:32:48
702,966,381,MADRE,2024-06-07  5:32:48,2024-06-07  5:32:48
703,1027,382,PADRE,2024-06-07  5:32:48,2024-06-07  5:32:48
704,1028,382,MADRE,2024-06-07  5:32:48,2024-06-07  5:32:48
705,1109,383,PADRE,2024-06-07  5:32:48,2024-06-07  5:32:48
706,1110,383,MADRE,2024-06-07  5:32:48,2024-06-07  5:32:48
707,1121,384,PADRE,2024-06-07  5:32:48,2024-06-07  5:32:48
708,1122,384,MADRE,2024-06-07  5:32:48,2024-06-07  5:32:48
709,1161,385,PADRE,2024-06-07  5:32:48,2024-06-07  5:32:48
710,1162,385,MADRE,2024-06-07  5:32:48,2024-06-07  5:32:48
711,1195,386,PADRE,2024-06-07  5:32:48,2024-06-07  5:32:48
712,1196,386,MADRE,2024-06-07  5:32:48,2024-06-07  5:32:48
713,1213,387,PADRE,2024-06-07  5:32:48,2024-06-07  5:32:48
714,1214,387,MADRE,2024-06-07  5:32:48,2024-06-07  5:32:48
715,1231,388,PADRE,2024-06-07  5:32:48,2024-06-07  5:32:48
716,1232,388,MADRE,2024-06-07  5:32:48,2024-06-07  5:32:48
717,1241,389,PADRE,2024-06-07  5:32:48,2024-06-07  5:32:48
718,1242,389,MADRE,2024-06-07  5:32:48,2024-06-07  5:32:48
719,1251,390,PADRE,2024-06-07  5:32:48,2024-06-07  5:32:48
720,1252,390,MADRE,2024-06-07  5:32:48,2024-06-07  5:32:48
721,1289,391,PADRE,2024-06-07  5:32:48,2024-06-07  5:32:48
722,1290,391,MADRE,2024-06-07  5:32:48,2024-06-07  5:32:48
723,1297,392,PADRE,2024-06-07  5:32:48,2024-06-07  5:32:48
724,1298,392,MADRE,2024-06-07  5:32:48,2024-06-07  5:32:48
725,1299,393,PADRE,2024-06-07  5:32:48,2024-06-07  5:32:48
726,1300,393,MADRE,2024-06-07  5:32:48,2024-06-07  5:32:48
727,1303,394,PADRE,2024-06-07  5:32:48,2024-06-07  5:32:48
728,1304,394,MADRE,2024-06-07  5:32:48,2024-06-07  5:32:48
729,1327,395,PADRE,2024-06-07  5:32:48,2024-06-07  5:32:48
730,1328,395,MADRE,2024-06-07  5:32:48,2024-06-07  5:32:48
731,1359,396,PADRE,2024-06-07  5:32:48,2024-06-07  5:32:48
732,1360,396,MADRE,2024-06-07  5:32:48,2024-06-07  5:32:48
733,1509,397,PADRE,2024-06-07  5:32:48,2024-06-07  5:32:48
734,1510,397,MADRE,2024-06-07  5:32:48,2024-06-07  5:32:48
735,1533,398,PADRE,2024-06-07  5:32:48,2024-06-07  5:32:48
736,1534,398,MADRE,2024-06-07  5:32:48,2024-06-07  5:32:48
737,1539,399,PADRE,2024-06-07  5:32:48,2024-06-07  5:32:48
738,1540,399,MADRE,2024-06-07  5:32:48,2024-06-07  5:32:48
739,1569,400,PADRE,2024-06-07  5:32:48,2024-06-07  5:32:48
740,1570,400,MADRE,2024-06-07  5:32:48,2024-06-07  5:32:48
741,1571,401,PADRE,2024-06-07  5:32:48,2024-06-07  5:32:48
742,1572,401,MADRE,2024-06-07  5:32:48,2024-06-07  5:32:48
743,1583,402,PADRE,2024-06-07  5:32:48,2024-06-07  5:32:48
744,1584,402,MADRE,2024-06-07  5:32:48,2024-06-07  5:32:48
745,1579,403,PADRE,2024-06-07  5:32:48,2024-06-07  5:32:48
746,1580,403,MADRE,2024-06-07  5:32:48,2024-06-07  5:32:48
747,1625,404,PADRE,2024-06-07  5:32:48,2024-06-07  5:32:48
748,1626,404,MADRE,2024-06-07  5:32:48,2024-06-07  5:32:48
749,1633,405,PADRE,2024-06-07  5:32:48,2024-06-07  5:32:48
750,1634,405,MADRE,2024-06-07  5:32:48,2024-06-07  5:32:48
751,1665,406,PADRE,2024-06-07  5:32:48,2024-06-07  5:32:48
752,1666,406,MADRE,2024-06-07  5:32:48,2024-06-07  5:32:48
753,1697,407,PADRE,2024-06-07  5:32:48,2024-06-07  5:32:48
754,1698,407,MADRE,2024-06-07  5:32:48,2024-06-07  5:32:48
755,1713,408,PADRE,2024-06-07  5:32:48,2024-06-07  5:32:48
756,1714,408,MADRE,2024-06-07  5:32:48,2024-06-07  5:32:48
757,1715,409,PADRE,2024-06-07  5:32:48,2024-06-07  5:32:48
758,1716,409,MADRE,2024-06-07  5:32:48,2024-06-07  5:32:48
759,1741,410,PADRE,2024-06-07  5:32:48,2024-06-07  5:32:48
760,1742,410,MADRE,2024-06-07  5:32:48,2024-06-07  5:32:48
761,757,411,PADRE,2024-06-07  5:32:48,2024-06-07  5:32:48
762,758,411,MADRE,2024-06-07  5:32:48,2024-06-07  5:32:48
763,765,412,PADRE,2024-06-07  5:32:48,2024-06-07  5:32:48
764,766,412,MADRE,2024-06-07  5:32:48,2024-06-07  5:32:48
765,799,413,PADRE,2024-06-07  5:32:48,2024-06-07  5:32:48
766,800,413,MADRE,2024-06-07  5:32:48,2024-06-07  5:32:48
767,811,414,PADRE,2024-06-07  5:32:48,2024-06-07  5:32:48
768,812,414,MADRE,2024-06-07  5:32:48,2024-06-07  5:32:48
769,827,415,PADRE,2024-06-07  5:32:48,2024-06-07  5:32:48
770,828,415,MADRE,2024-06-07  5:32:48,2024-06-07  5:32:48
771,851,416,PADRE,2024-06-07  5:32:48,2024-06-07  5:32:48
772,852,416,MADRE,2024-06-07  5:32:48,2024-06-07  5:32:48
773,859,417,PADRE,2024-06-07  5:32:48,2024-06-07  5:32:48
774,860,417,MADRE,2024-06-07  5:32:48,2024-06-07  5:32:48
775,901,418,PADRE,2024-06-07  5:32:48,2024-06-07  5:32:48
776,902,418,MADRE,2024-06-07  5:32:48,2024-06-07  5:32:48
777,919,419,PADRE,2024-06-07  5:32:48,2024-06-07  5:32:48
778,920,419,MADRE,2024-06-07  5:32:48,2024-06-07  5:32:48
779,943,420,PADRE,2024-06-07  5:32:48,2024-06-07  5:32:48
780,944,420,MADRE,2024-06-07  5:32:48,2024-06-07  5:32:48
781,953,421,PADRE,2024-06-07  5:32:48,2024-06-07  5:32:48
782,954,421,MADRE,2024-06-07  5:32:48,2024-06-07  5:32:48
783,963,422,PADRE,2024-06-07  5:32:48,2024-06-07  5:32:48
784,964,422,MADRE,2024-06-07  5:32:48,2024-06-07  5:32:48
785,989,423,PADRE,2024-06-07  5:32:48,2024-06-07  5:32:48
786,990,423,MADRE,2024-06-07  5:32:48,2024-06-07  5:32:48
787,1059,424,PADRE,2024-06-07  5:32:48,2024-06-07  5:32:48
788,1060,424,MADRE,2024-06-07  5:32:48,2024-06-07  5:32:48
789,1085,425,PADRE,2024-06-07  5:32:48,2024-06-07  5:32:48
790,1086,425,MADRE,2024-06-07  5:32:48,2024-06-07  5:32:48
791,1087,426,PADRE,2024-06-07  5:32:48,2024-06-07  5:32:48
792,1088,426,MADRE,2024-06-07  5:32:48,2024-06-07  5:32:48
793,1143,427,PADRE,2024-06-07  5:32:48,2024-06-07  5:32:48
794,1144,427,MADRE,2024-06-07  5:32:48,2024-06-07  5:32:48
795,1171,428,PADRE,2024-06-07  5:32:48,2024-06-07  5:32:48
796,1172,428,MADRE,2024-06-07  5:32:48,2024-06-07  5:32:48
797,1185,429,PADRE,2024-06-07  5:32:48,2024-06-07  5:32:48
798,1186,429,MADRE,2024-06-07  5:32:48,2024-06-07  5:32:48
799,1203,430,PADRE,2024-06-07  5:32:48,2024-06-07  5:32:48
800,1204,430,MADRE,2024-06-07  5:32:48,2024-06-07  5:32:48
801,1225,431,PADRE,2024-06-07  5:32:48,2024-06-07  5:32:48
802,1226,431,MADRE,2024-06-07  5:32:48,2024-06-07  5:32:48
803,1229,432,PADRE,2024-06-07  5:32:48,2024-06-07  5:32:48
804,1230,432,MADRE,2024-06-07  5:32:48,2024-06-07  5:32:48
805,1267,433,PADRE,2024-06-07  5:32:48,2024-06-07  5:32:48
806,1268,433,MADRE,2024-06-07  5:32:48,2024-06-07  5:32:48
807,1281,434,PADRE,2024-06-07  5:32:48,2024-06-07  5:32:48
808,1282,434,MADRE,2024-06-07  5:32:48,2024-06-07  5:32:48
809,1285,435,PADRE,2024-06-07  5:32:48,2024-06-07  5:32:48
810,1286,435,MADRE,2024-06-07  5:32:48,2024-06-07  5:32:48
811,1323,436,PADRE,2024-06-07  5:32:48,2024-06-07  5:32:48
812,1324,436,MADRE,2024-06-07  5:32:48,2024-06-07  5:32:48
813,1397,437,PADRE,2024-06-07  5:32:48,2024-06-07  5:32:48
814,1398,437,MADRE,2024-06-07  5:32:48,2024-06-07  5:32:48
815,1471,438,PADRE,2024-06-07  5:32:48,2024-06-07  5:32:48
816,1472,438,MADRE,2024-06-07  5:32:48,2024-06-07  5:32:48
817,1519,439,PADRE,2024-06-07  5:32:48,2024-06-07  5:32:48
818,1520,439,MADRE,2024-06-07  5:32:48,2024-06-07  5:32:48
819,1529,440,PADRE,2024-06-07  5:32:48,2024-06-07  5:32:48
820,1530,440,MADRE,2024-06-07  5:32:48,2024-06-07  5:32:48
821,1635,441,PADRE,2024-06-07  5:32:48,2024-06-07  5:32:48
822,1636,441,MADRE,2024-06-07  5:32:48,2024-06-07  5:32:48
823,1645,442,PADRE,2024-06-07  5:32:48,2024-06-07  5:32:48
824,1646,442,MADRE,2024-06-07  5:32:48,2024-06-07  5:32:48
825,1669,443,PADRE,2024-06-07  5:32:48,2024-06-07  5:32:48
826,1670,443,MADRE,2024-06-07  5:32:48,2024-06-07  5:32:48
827,1677,444,PADRE,2024-06-07  5:32:48,2024-06-07  5:32:48
828,1678,444,MADRE,2024-06-07  5:32:48,2024-06-07  5:32:48
829,1699,445,PADRE,2024-06-07  5:32:48,2024-06-07  5:32:48
830,1700,445,MADRE,2024-06-07  5:32:48,2024-06-07  5:32:48
831,1723,446,PADRE,2024-06-07  5:32:48,2024-06-07  5:32:48
832,1724,446,MADRE,2024-06-07  5:32:48,2024-06-07  5:32:48
833,1735,447,PADRE,2024-06-07  5:32:48,2024-06-07  5:32:48
834,1736,447,MADRE,2024-06-07  5:32:48,2024-06-07  5:32:48
835,1749,448,PADRE,2024-06-07  5:32:48,2024-06-07  5:32:48
836,1750,448,MADRE,2024-06-07  5:32:48,2024-06-07  5:32:48
837,1767,449,PADRE,2024-06-07  5:32:48,2024-06-07  5:32:48
838,1768,449,MADRE,2024-06-07  5:32:48,2024-06-07  5:32:48
839,1781,450,PADRE,2024-06-07  5:32:48,2024-06-07  5:32:48
840,1782,450,MADRE,2024-06-07  5:32:48,2024-06-07  5:32:48
841,1783,451,PADRE,2024-06-07  5:32:48,2024-06-07  5:32:48
842,1784,451,MADRE,2024-06-07  5:32:48,2024-06-07  5:32:48
843,1153,452,PADRE,2024-06-07  5:32:48,2024-06-07  5:32:48
844,1154,452,MADRE,2024-06-07  5:32:48,2024-06-07  5:32:48
845,751,453,PADRE,2024-06-07  5:32:48,2024-06-07  5:32:48
846,752,453,MADRE,2024-06-07  5:32:48,2024-06-07  5:32:48
847,767,454,PADRE,2024-06-07  5:32:48,2024-06-07  5:32:48
848,768,454,MADRE,2024-06-07  5:32:48,2024-06-07  5:32:48
849,789,455,PADRE,2024-06-07  5:32:48,2024-06-07  5:32:48
850,790,455,MADRE,2024-06-07  5:32:48,2024-06-07  5:32:48
851,793,456,PADRE,2024-06-07  5:32:48,2024-06-07  5:32:48
852,794,456,MADRE,2024-06-07  5:32:48,2024-06-07  5:32:48
853,803,457,PADRE,2024-06-07  5:32:48,2024-06-07  5:32:48
854,804,457,MADRE,2024-06-07  5:32:48,2024-06-07  5:32:48
855,857,458,PADRE,2024-06-07  5:32:48,2024-06-07  5:32:48
856,858,458,MADRE,2024-06-07  5:32:48,2024-06-07  5:32:48
857,917,459,PADRE,2024-06-07  5:32:48,2024-06-07  5:32:48
858,918,459,MADRE,2024-06-07  5:32:48,2024-06-07  5:32:48
859,955,460,PADRE,2024-06-07  5:32:48,2024-06-07  5:32:48
860,956,460,MADRE,2024-06-07  5:32:48,2024-06-07  5:32:48
861,981,461,PADRE,2024-06-07  5:32:48,2024-06-07  5:32:48
862,982,461,MADRE,2024-06-07  5:32:48,2024-06-07  5:32:48
863,995,462,PADRE,2024-06-07  5:32:48,2024-06-07  5:32:48
864,996,462,MADRE,2024-06-07  5:32:48,2024-06-07  5:32:48
865,1011,463,PADRE,2024-06-07  5:32:48,2024-06-07  5:32:48
866,1012,463,MADRE,2024-06-07  5:32:48,2024-06-07  5:32:48
867,1013,464,PADRE,2024-06-07  5:32:48,2024-06-07  5:32:48
868,1014,464,MADRE,2024-06-07  5:32:48,2024-06-07  5:32:48
869,1027,465,PADRE,2024-06-07  5:32:48,2024-06-07  5:32:48
870,1028,465,MADRE,2024-06-07  5:32:48,2024-06-07  5:32:48
871,1057,466,PADRE,2024-06-07  5:32:48,2024-06-07  5:32:48
872,1058,466,MADRE,2024-06-07  5:32:48,2024-06-07  5:32:48
873,1091,467,PADRE,2024-06-07  5:32:48,2024-06-07  5:32:48
874,1092,467,MADRE,2024-06-07  5:32:48,2024-06-07  5:32:48
875,1097,468,PADRE,2024-06-07  5:32:48,2024-06-07  5:32:48
876,1098,468,MADRE,2024-06-07  5:32:48,2024-06-07  5:32:48
877,1091,469,PADRE,2024-06-07  5:32:48,2024-06-07  5:32:48
878,1092,469,MADRE,2024-06-07  5:32:48,2024-06-07  5:32:48
879,1139,470,PADRE,2024-06-07  5:32:48,2024-06-07  5:32:48
880,1140,470,MADRE,2024-06-07  5:32:48,2024-06-07  5:32:48
881,1227,471,PADRE,2024-06-07  5:32:48,2024-06-07  5:32:48
882,1228,471,MADRE,2024-06-07  5:32:48,2024-06-07  5:32:48
883,1239,472,PADRE,2024-06-07  5:32:48,2024-06-07  5:32:48
884,1240,472,MADRE,2024-06-07  5:32:48,2024-06-07  5:32:48
885,1259,473,PADRE,2024-06-07  5:32:48,2024-06-07  5:32:48
886,1260,473,MADRE,2024-06-07  5:32:48,2024-06-07  5:32:48
887,1311,474,PADRE,2024-06-07  5:32:48,2024-06-07  5:32:48
888,1312,474,MADRE,2024-06-07  5:32:48,2024-06-07  5:32:48
889,1313,475,PADRE,2024-06-07  5:32:48,2024-06-07  5:32:48
890,1314,475,MADRE,2024-06-07  5:32:48,2024-06-07  5:32:48
891,1325,476,PADRE,2024-06-07  5:32:48,2024-06-07  5:32:48
892,1326,476,MADRE,2024-06-07  5:32:48,2024-06-07  5:32:48
893,1337,477,PADRE,2024-06-07  5:32:48,2024-06-07  5:32:48
894,1338,477,MADRE,2024-06-07  5:32:48,2024-06-07  5:32:48
895,1359,478,PADRE,2024-06-07  5:32:48,2024-06-07  5:32:48
896,1360,478,MADRE,2024-06-07  5:32:48,2024-06-07  5:32:48
897,1451,479,PADRE,2024-06-07  5:32:48,2024-06-07  5:32:48
898,1452,479,MADRE,2024-06-07  5:32:48,2024-06-07  5:32:48
899,1463,480,PADRE,2024-06-07  5:32:48,2024-06-07  5:32:48
900,1464,480,MADRE,2024-06-07  5:32:48,2024-06-07  5:32:48
901,1473,481,PADRE,2024-06-07  5:32:48,2024-06-07  5:32:48
902,1474,481,MADRE,2024-06-07  5:32:48,2024-06-07  5:32:48
903,1499,482,PADRE,2024-06-07  5:32:48,2024-06-07  5:32:48
904,1500,482,MADRE,2024-06-07  5:32:48,2024-06-07  5:32:48
905,1531,483,PADRE,2024-06-07  5:32:48,2024-06-07  5:32:48
906,1532,483,MADRE,2024-06-07  5:32:48,2024-06-07  5:32:48
907,1591,484,PADRE,2024-06-07  5:32:48,2024-06-07  5:32:48
908,1592,484,MADRE,2024-06-07  5:32:48,2024-06-07  5:32:48
909,1617,485,PADRE,2024-06-07  5:32:48,2024-06-07  5:32:48
910,1618,485,MADRE,2024-06-07  5:32:48,2024-06-07  5:32:48
911,1619,486,PADRE,2024-06-07  5:32:48,2024-06-07  5:32:48
912,1620,486,MADRE,2024-06-07  5:32:48,2024-06-07  5:32:48
913,1661,487,PADRE,2024-06-07  5:32:48,2024-06-07  5:32:48
914,1662,487,MADRE,2024-06-07  5:32:48,2024-06-07  5:32:48
915,1707,488,PADRE,2024-06-07  5:32:48,2024-06-07  5:32:48
916,1708,488,MADRE,2024-06-07  5:32:48,2024-06-07  5:32:48
917,741,489,PADRE,2024-06-07  5:32:48,2024-06-07  5:32:48
918,742,489,MADRE,2024-06-07  5:32:48,2024-06-07  5:32:48
919,775,490,PADRE,2024-06-07  5:32:48,2024-06-07  5:32:48
920,776,490,MADRE,2024-06-07  5:32:48,2024-06-07  5:32:48
921,777,491,PADRE,2024-06-07  5:32:48,2024-06-07  5:32:48
922,778,491,MADRE,2024-06-07  5:32:48,2024-06-07  5:32:48
923,795,492,PADRE,2024-06-07  5:32:48,2024-06-07  5:32:48
924,796,492,MADRE,2024-06-07  5:32:48,2024-06-07  5:32:48
925,801,493,PADRE,2024-06-07  5:32:48,2024-06-07  5:32:48
926,802,493,MADRE,2024-06-07  5:32:48,2024-06-07  5:32:48
927,811,494,PADRE,2024-06-07  5:32:48,2024-06-07  5:32:48
928,812,494,MADRE,2024-06-07  5:32:48,2024-06-07  5:32:48
929,813,495,PADRE,2024-06-07  5:32:48,2024-06-07  5:32:48
930,814,495,MADRE,2024-06-07  5:32:48,2024-06-07  5:32:48
931,819,496,PADRE,2024-06-07  5:32:48,2024-06-07  5:32:48
932,820,496,MADRE,2024-06-07  5:32:48,2024-06-07  5:32:48
933,889,497,PADRE,2024-06-07  5:32:48,2024-06-07  5:32:48
934,890,497,MADRE,2024-06-07  5:32:48,2024-06-07  5:32:48
935,923,498,PADRE,2024-06-07  5:32:48,2024-06-07  5:32:48
936,924,498,MADRE,2024-06-07  5:32:48,2024-06-07  5:32:48
937,957,499,PADRE,2024-06-07  5:32:48,2024-06-07  5:32:48
938,958,499,MADRE,2024-06-07  5:32:48,2024-06-07  5:32:48
939,993,500,PADRE,2024-06-07  5:32:48,2024-06-07  5:32:48
940,994,500,MADRE,2024-06-07  5:32:48,2024-06-07  5:32:48
941,1007,501,PADRE,2024-06-07  5:32:48,2024-06-07  5:32:48
942,1008,501,MADRE,2024-06-07  5:32:48,2024-06-07  5:32:48
943,1021,502,PADRE,2024-06-07  5:32:48,2024-06-07  5:32:48
944,1022,502,MADRE,2024-06-07  5:32:48,2024-06-07  5:32:48
945,1025,503,PADRE,2024-06-07  5:32:48,2024-06-07  5:32:48
946,1026,503,MADRE,2024-06-07  5:32:48,2024-06-07  5:32:48
947,1047,504,PADRE,2024-06-07  5:32:48,2024-06-07  5:32:48
948,1048,504,MADRE,2024-06-07  5:32:48,2024-06-07  5:32:48
949,1115,505,PADRE,2024-06-07  5:32:48,2024-06-07  5:32:48
950,1116,505,MADRE,2024-06-07  5:32:48,2024-06-07  5:32:48
951,1127,506,PADRE,2024-06-07  5:32:48,2024-06-07  5:32:48
952,1128,506,MADRE,2024-06-07  5:32:48,2024-06-07  5:32:48
953,1131,507,PADRE,2024-06-07  5:32:48,2024-06-07  5:32:48
954,1132,507,MADRE,2024-06-07  5:32:48,2024-06-07  5:32:48
955,1135,508,PADRE,2024-06-07  5:32:48,2024-06-07  5:32:48
956,1136,508,MADRE,2024-06-07  5:32:48,2024-06-07  5:32:48
957,1169,509,PADRE,2024-06-07  5:32:48,2024-06-07  5:32:48
958,1170,509,MADRE,2024-06-07  5:32:48,2024-06-07  5:32:48
959,1205,510,PADRE,2024-06-07  5:32:48,2024-06-07  5:32:48
960,1206,510,MADRE,2024-06-07  5:32:48,2024-06-07  5:32:48
961,1217,511,PADRE,2024-06-07  5:32:48,2024-06-07  5:32:48
962,1218,511,MADRE,2024-06-07  5:32:48,2024-06-07  5:32:48
963,1245,512,PADRE,2024-06-07  5:32:48,2024-06-07  5:32:48
964,1246,512,MADRE,2024-06-07  5:32:48,2024-06-07  5:32:48
965,1345,513,PADRE,2024-06-07  5:32:48,2024-06-07  5:32:48
966,1346,513,MADRE,2024-06-07  5:32:48,2024-06-07  5:32:48
967,1409,514,PADRE,2024-06-07  5:32:48,2024-06-07  5:32:48
968,1410,514,MADRE,2024-06-07  5:32:48,2024-06-07  5:32:48
969,1429,515,PADRE,2024-06-07  5:32:48,2024-06-07  5:32:48
970,1430,515,MADRE,2024-06-07  5:32:48,2024-06-07  5:32:48
971,1449,516,PADRE,2024-06-07  5:32:48,2024-06-07  5:32:48
972,1450,516,MADRE,2024-06-07  5:32:48,2024-06-07  5:32:48
973,1457,517,PADRE,2024-06-07  5:32:48,2024-06-07  5:32:48
974,1458,517,MADRE,2024-06-07  5:32:48,2024-06-07  5:32:48
975,1469,518,PADRE,2024-06-07  5:32:48,2024-06-07  5:32:48
976,1470,518,MADRE,2024-06-07  5:32:48,2024-06-07  5:32:48
977,1481,519,PADRE,2024-06-07  5:32:48,2024-06-07  5:32:48
978,1482,519,MADRE,2024-06-07  5:32:48,2024-06-07  5:32:48
979,1517,520,PADRE,2024-06-07  5:32:48,2024-06-07  5:32:48
980,1518,520,MADRE,2024-06-07  5:32:48,2024-06-07  5:32:48
981,1543,521,PADRE,2024-06-07  5:32:48,2024-06-07  5:32:48
982,1544,521,MADRE,2024-06-07  5:32:48,2024-06-07  5:32:48
983,1595,522,PADRE,2024-06-07  5:32:48,2024-06-07  5:32:48
984,1596,522,MADRE,2024-06-07  5:32:48,2024-06-07  5:32:48
985,1613,523,PADRE,2024-06-07  5:32:48,2024-06-07  5:32:48
986,1614,523,MADRE,2024-06-07  5:32:48,2024-06-07  5:32:48
987,1659,524,PADRE,2024-06-07  5:32:48,2024-06-07  5:32:48
988,1660,524,MADRE,2024-06-07  5:32:48,2024-06-07  5:32:48
989,1731,525,PADRE,2024-06-07  5:32:48,2024-06-07  5:32:48
990,1732,525,MADRE,2024-06-07  5:32:48,2024-06-07  5:32:48
991,753,526,PADRE,2024-06-07  5:32:48,2024-06-07  5:32:48
992,754,526,MADRE,2024-06-07  5:32:48,2024-06-07  5:32:48
993,755,527,PADRE,2024-06-07  5:32:48,2024-06-07  5:32:48
994,756,527,MADRE,2024-06-07  5:32:48,2024-06-07  5:32:48
995,779,528,PADRE,2024-06-07  5:32:48,2024-06-07  5:32:48
996,780,528,MADRE,2024-06-07  5:32:48,2024-06-07  5:32:48
997,785,529,PADRE,2024-06-07  5:32:48,2024-06-07  5:32:48
998,786,529,MADRE,2024-06-07  5:32:48,2024-06-07  5:32:48
999,789,530,PADRE,2024-06-07  5:32:48,2024-06-07  5:32:48
1000,790,530,MADRE,2024-06-07  5:32:48,2024-06-07  5:32:48
1001,801,531,PADRE,2024-06-07  5:32:48,2024-06-07  5:32:48
1002,802,531,MADRE,2024-06-07  5:32:48,2024-06-07  5:32:48
1003,815,532,PADRE,2024-06-07  5:32:48,2024-06-07  5:32:48
1004,816,532,MADRE,2024-06-07  5:32:48,2024-06-07  5:32:48
1005,839,533,PADRE,2024-06-07  5:32:48,2024-06-07  5:32:48
1006,840,533,MADRE,2024-06-07  5:32:48,2024-06-07  5:32:48
1007,881,534,PADRE,2024-06-07  5:32:48,2024-06-07  5:32:48
1008,882,534,MADRE,2024-06-07  5:32:48,2024-06-07  5:32:48
1009,895,535,PADRE,2024-06-07  5:32:48,2024-06-07  5:32:48
1010,896,535,MADRE,2024-06-07  5:32:48,2024-06-07  5:32:48
1011,935,536,PADRE,2024-06-07  5:32:48,2024-06-07  5:32:48
1012,936,536,MADRE,2024-06-07  5:32:48,2024-06-07  5:32:48
1013,943,537,PADRE,2024-06-07  5:32:48,2024-06-07  5:32:48
1014,944,537,MADRE,2024-06-07  5:32:48,2024-06-07  5:32:48
1015,1015,538,PADRE,2024-06-07  5:32:48,2024-06-07  5:32:48
1016,1016,538,MADRE,2024-06-07  5:32:48,2024-06-07  5:32:48
1017,1019,539,PADRE,2024-06-07  5:32:48,2024-06-07  5:32:48
1018,1020,539,MADRE,2024-06-07  5:32:48,2024-06-07  5:32:48
1019,1043,540,PADRE,2024-06-07  5:32:48,2024-06-07  5:32:48
1020,1044,540,MADRE,2024-06-07  5:32:48,2024-06-07  5:32:48
1021,1051,541,PADRE,2024-06-07  5:32:48,2024-06-07  5:32:48
1022,1052,541,MADRE,2024-06-07  5:32:48,2024-06-07  5:32:48
1023,1071,542,PADRE,2024-06-07  5:32:48,2024-06-07  5:32:48
1024,1072,542,MADRE,2024-06-07  5:32:48,2024-06-07  5:32:48
1025,1117,543,PADRE,2024-06-07  5:32:48,2024-06-07  5:32:48
1026,1118,543,MADRE,2024-06-07  5:32:48,2024-06-07  5:32:48
1027,1133,544,PADRE,2024-06-07  5:32:48,2024-06-07  5:32:48
1028,1134,544,MADRE,2024-06-07  5:32:48,2024-06-07  5:32:48
1029,1147,545,PADRE,2024-06-07  5:32:48,2024-06-07  5:32:48
1030,1148,545,MADRE,2024-06-07  5:32:48,2024-06-07  5:32:48
1031,1229,546,PADRE,2024-06-07  5:32:48,2024-06-07  5:32:48
1032,1230,546,MADRE,2024-06-07  5:32:48,2024-06-07  5:32:48
1033,1233,547,PADRE,2024-06-07  5:32:48,2024-06-07  5:32:48
1034,1234,547,MADRE,2024-06-07  5:32:48,2024-06-07  5:32:48
1035,1237,548,PADRE,2024-06-07  5:32:48,2024-06-07  5:32:48
1036,1238,548,MADRE,2024-06-07  5:32:48,2024-06-07  5:32:48
1037,1309,549,PADRE,2024-06-07  5:32:48,2024-06-07  5:32:48
1038,1310,549,MADRE,2024-06-07  5:32:48,2024-06-07  5:32:48
1039,1355,550,PADRE,2024-06-07  5:32:48,2024-06-07  5:32:48
1040,1356,550,MADRE,2024-06-07  5:32:48,2024-06-07  5:32:48
1041,1405,551,PADRE,2024-06-07  5:32:48,2024-06-07  5:32:48
1042,1406,551,MADRE,2024-06-07  5:32:48,2024-06-07  5:32:48
1043,1405,552,PADRE,2024-06-07  5:32:48,2024-06-07  5:32:48
1044,1406,552,MADRE,2024-06-07  5:32:48,2024-06-07  5:32:48
1045,1471,553,PADRE,2024-06-07  5:32:48,2024-06-07  5:32:48
1046,1472,553,MADRE,2024-06-07  5:32:48,2024-06-07  5:32:48
1047,1487,554,PADRE,2024-06-07  5:32:48,2024-06-07  5:32:48
1048,1488,554,MADRE,2024-06-07  5:32:48,2024-06-07  5:32:48
1049,1597,555,PADRE,2024-06-07  5:32:48,2024-06-07  5:32:48
1050,1598,555,MADRE,2024-06-07  5:32:48,2024-06-07  5:32:48
1051,1725,556,PADRE,2024-06-07  5:32:48,2024-06-07  5:32:48
1052,1726,556,MADRE,2024-06-07  5:32:48,2024-06-07  5:32:48
1053,771,557,PADRE,2024-06-07  5:32:48,2024-06-07  5:32:48
1054,772,557,MADRE,2024-06-07  5:32:48,2024-06-07  5:32:48
1055,867,558,PADRE,2024-06-07  5:32:48,2024-06-07  5:32:48
1056,868,558,MADRE,2024-06-07  5:32:48,2024-06-07  5:32:48
1057,889,559,PADRE,2024-06-07  5:32:48,2024-06-07  5:32:48
1058,890,559,MADRE,2024-06-07  5:32:48,2024-06-07  5:32:48
1059,897,560,PADRE,2024-06-07  5:32:48,2024-06-07  5:32:48
1060,898,560,MADRE,2024-06-07  5:32:48,2024-06-07  5:32:48
1061,947,561,PADRE,2024-06-07  5:32:48,2024-06-07  5:32:48
1062,948,561,MADRE,2024-06-07  5:32:48,2024-06-07  5:32:48
1063,961,562,PADRE,2024-06-07  5:32:48,2024-06-07  5:32:48
1064,962,562,MADRE,2024-06-07  5:32:48,2024-06-07  5:32:48
1065,969,563,PADRE,2024-06-07  5:32:48,2024-06-07  5:32:48
1066,970,563,MADRE,2024-06-07  5:32:48,2024-06-07  5:32:48
1067,1011,564,PADRE,2024-06-07  5:32:48,2024-06-07  5:32:48
1068,1012,564,MADRE,2024-06-07  5:32:48,2024-06-07  5:32:48
1069,1049,565,PADRE,2024-06-07  5:32:48,2024-06-07  5:32:48
1070,1050,565,MADRE,2024-06-07  5:32:48,2024-06-07  5:32:48
1071,1085,566,PADRE,2024-06-07  5:32:48,2024-06-07  5:32:48
1072,1086,566,MADRE,2024-06-07  5:32:48,2024-06-07  5:32:48
1073,1127,567,PADRE,2024-06-07  5:32:48,2024-06-07  5:32:48
1074,1128,567,MADRE,2024-06-07  5:32:48,2024-06-07  5:32:48
1075,1195,568,PADRE,2024-06-07  5:32:48,2024-06-07  5:32:48
1076,1196,568,MADRE,2024-06-07  5:32:48,2024-06-07  5:32:48
1077,1223,569,PADRE,2024-06-07  5:32:48,2024-06-07  5:32:48
1078,1224,569,MADRE,2024-06-07  5:32:48,2024-06-07  5:32:48
1079,1239,570,PADRE,2024-06-07  5:32:48,2024-06-07  5:32:48
1080,1240,570,MADRE,2024-06-07  5:32:48,2024-06-07  5:32:48
1081,1255,571,PADRE,2024-06-07  5:32:48,2024-06-07  5:32:48
1082,1256,571,MADRE,2024-06-07  5:32:48,2024-06-07  5:32:48
1083,1311,572,PADRE,2024-06-07  5:32:48,2024-06-07  5:32:48
1084,1312,572,MADRE,2024-06-07  5:32:48,2024-06-07  5:32:48
1085,1347,573,PADRE,2024-06-07  5:32:48,2024-06-07  5:32:48
1086,1348,573,MADRE,2024-06-07  5:32:48,2024-06-07  5:32:48
1087,1389,574,PADRE,2024-06-07  5:32:48,2024-06-07  5:32:48
1088,1390,574,MADRE,2024-06-07  5:32:48,2024-06-07  5:32:48
1089,1415,575,PADRE,2024-06-07  5:32:48,2024-06-07  5:32:48
1090,1416,575,MADRE,2024-06-07  5:32:48,2024-06-07  5:32:48
1091,1429,576,PADRE,2024-06-07  5:32:48,2024-06-07  5:32:48
1092,1430,576,MADRE,2024-06-07  5:32:48,2024-06-07  5:32:48
1093,1437,577,PADRE,2024-06-07  5:32:48,2024-06-07  5:32:48
1094,1438,577,MADRE,2024-06-07  5:32:48,2024-06-07  5:32:48
1095,1583,578,PADRE,2024-06-07  5:32:48,2024-06-07  5:32:48
1096,1584,578,MADRE,2024-06-07  5:32:48,2024-06-07  5:32:48
1097,1603,579,PADRE,2024-06-07  5:32:48,2024-06-07  5:32:48
1098,1604,579,MADRE,2024-06-07  5:32:48,2024-06-07  5:32:48
1099,1621,580,PADRE,2024-06-07  5:32:48,2024-06-07  5:32:48
1100,1622,580,MADRE,2024-06-07  5:32:48,2024-06-07  5:32:48
1101,1711,581,PADRE,2024-06-07  5:32:48,2024-06-07  5:32:48
1102,1712,581,MADRE,2024-06-07  5:32:48,2024-06-07  5:32:48
1103,1733,582,PADRE,2024-06-07  5:32:48,2024-06-07  5:32:48
1104,1734,582,MADRE,2024-06-07  5:32:48,2024-06-07  5:32:48
1105,1743,583,PADRE,2024-06-07  5:32:48,2024-06-07  5:32:48
1106,1744,583,MADRE,2024-06-07  5:32:48,2024-06-07  5:32:48
1107,1753,584,PADRE,2024-06-07  5:32:48,2024-06-07  5:32:48
1108,1754,584,MADRE,2024-06-07  5:32:48,2024-06-07  5:32:48
1109,1757,585,PADRE,2024-06-07  5:32:48,2024-06-07  5:32:48
1110,1758,585,MADRE,2024-06-07  5:32:48,2024-06-07  5:32:48
1111,1763,586,PADRE,2024-06-07  5:32:48,2024-06-07  5:32:48
1112,1764,586,MADRE,2024-06-07  5:32:48,2024-06-07  5:32:48
1113,1765,587,PADRE,2024-06-07  5:32:48,2024-06-07  5:32:48
1114,1766,587,MADRE,2024-06-07  5:32:48,2024-06-07  5:32:48
1115,1787,588,PADRE,2024-06-07  5:32:48,2024-06-07  5:32:48
1116,1788,588,MADRE,2024-06-07  5:32:48,2024-06-07  5:32:48
1117,743,589,PADRE,2024-06-07  5:32:48,2024-06-07  5:32:48
1118,744,589,MADRE,2024-06-07  5:32:48,2024-06-07  5:32:48
1119,747,590,PADRE,2024-06-07  5:32:48,2024-06-07  5:32:48
1120,748,590,MADRE,2024-06-07  5:32:48,2024-06-07  5:32:48
1121,781,591,PADRE,2024-06-07  5:32:48,2024-06-07  5:32:48
1122,782,591,MADRE,2024-06-07  5:32:48,2024-06-07  5:32:48
1123,785,592,PADRE,2024-06-07  5:32:48,2024-06-07  5:32:48
1124,786,592,MADRE,2024-06-07  5:32:48,2024-06-07  5:32:48
1125,807,593,PADRE,2024-06-07  5:32:48,2024-06-07  5:32:48
1126,808,593,MADRE,2024-06-07  5:32:48,2024-06-07  5:32:48
1127,859,594,PADRE,2024-06-07  5:32:48,2024-06-07  5:32:48
1128,860,594,MADRE,2024-06-07  5:32:48,2024-06-07  5:32:48
1129,865,595,PADRE,2024-06-07  5:32:48,2024-06-07  5:32:48
1130,866,595,MADRE,2024-06-07  5:32:48,2024-06-07  5:32:48
1131,877,596,PADRE,2024-06-07  5:32:48,2024-06-07  5:32:48
1132,878,596,MADRE,2024-06-07  5:32:48,2024-06-07  5:32:48
1133,891,597,PADRE,2024-06-07  5:32:48,2024-06-07  5:32:48
1134,892,597,MADRE,2024-06-07  5:32:48,2024-06-07  5:32:48
1135,899,598,PADRE,2024-06-07  5:32:48,2024-06-07  5:32:48
1136,900,598,MADRE,2024-06-07  5:32:48,2024-06-07  5:32:48
1137,903,599,PADRE,2024-06-07  5:32:48,2024-06-07  5:32:48
1138,904,599,MADRE,2024-06-07  5:32:48,2024-06-07  5:32:48
1139,943,600,PADRE,2024-06-07  5:32:48,2024-06-07  5:32:48
1140,944,600,MADRE,2024-06-07  5:32:48,2024-06-07  5:32:48
1141,997,601,PADRE,2024-06-07  5:32:48,2024-06-07  5:32:48
1142,998,601,MADRE,2024-06-07  5:32:48,2024-06-07  5:32:48
1143,1023,602,PADRE,2024-06-07  5:32:48,2024-06-07  5:32:48
1144,1024,602,MADRE,2024-06-07  5:32:48,2024-06-07  5:32:48
1145,1093,603,PADRE,2024-06-07  5:32:48,2024-06-07  5:32:48
1146,1094,603,MADRE,2024-06-07  5:32:48,2024-06-07  5:32:48
1147,1069,604,PADRE,2024-06-07  5:32:48,2024-06-07  5:32:48
1148,1070,604,MADRE,2024-06-07  5:32:48,2024-06-07  5:32:48
1149,1123,605,PADRE,2024-06-07  5:32:48,2024-06-07  5:32:48
1150,1124,605,MADRE,2024-06-07  5:32:48,2024-06-07  5:32:48
1151,1137,606,PADRE,2024-06-07  5:32:48,2024-06-07  5:32:48
1152,1138,606,MADRE,2024-06-07  5:32:48,2024-06-07  5:32:48
1153,1149,607,PADRE,2024-06-07  5:32:48,2024-06-07  5:32:48
1154,1150,607,MADRE,2024-06-07  5:32:48,2024-06-07  5:32:48
1155,1141,608,PADRE,2024-06-07  5:32:48,2024-06-07  5:32:48
1156,1142,608,MADRE,2024-06-07  5:32:48,2024-06-07  5:32:48
1157,1183,609,PADRE,2024-06-07  5:32:48,2024-06-07  5:32:48
1158,1184,609,MADRE,2024-06-07  5:32:48,2024-06-07  5:32:48
1159,1187,610,PADRE,2024-06-07  5:32:48,2024-06-07  5:32:48
1160,1188,610,MADRE,2024-06-07  5:32:48,2024-06-07  5:32:48
1161,1185,611,PADRE,2024-06-07  5:32:48,2024-06-07  5:32:48
1162,1186,611,MADRE,2024-06-07  5:32:48,2024-06-07  5:32:48
1163,1219,612,PADRE,2024-06-07  5:32:48,2024-06-07  5:32:48
1164,1220,612,MADRE,2024-06-07  5:32:48,2024-06-07  5:32:48
1165,1257,613,PADRE,2024-06-07  5:32:48,2024-06-07  5:32:48
1166,1258,613,MADRE,2024-06-07  5:32:48,2024-06-07  5:32:48
1167,1267,614,PADRE,2024-06-07  5:32:48,2024-06-07  5:32:48
1168,1268,614,MADRE,2024-06-07  5:32:48,2024-06-07  5:32:48
1169,1341,615,PADRE,2024-06-07  5:32:48,2024-06-07  5:32:48
1170,1342,615,MADRE,2024-06-07  5:32:48,2024-06-07  5:32:48
1171,1369,616,PADRE,2024-06-07  5:32:48,2024-06-07  5:32:48
1172,1370,616,MADRE,2024-06-07  5:32:48,2024-06-07  5:32:48
1173,1395,617,PADRE,2024-06-07  5:32:48,2024-06-07  5:32:48
1174,1396,617,MADRE,2024-06-07  5:32:48,2024-06-07  5:32:48
1175,1485,618,PADRE,2024-06-07  5:32:48,2024-06-07  5:32:48
1176,1486,618,MADRE,2024-06-07  5:32:48,2024-06-07  5:32:48
1177,1515,619,PADRE,2024-06-07  5:32:48,2024-06-07  5:32:48
1178,1516,619,MADRE,2024-06-07  5:32:48,2024-06-07  5:32:48
1179,1535,620,PADRE,2024-06-07  5:32:48,2024-06-07  5:32:48
1180,1536,620,MADRE,2024-06-07  5:32:48,2024-06-07  5:32:48
1181,1585,621,PADRE,2024-06-07  5:32:48,2024-06-07  5:32:48
1182,1586,621,MADRE,2024-06-07  5:32:48,2024-06-07  5:32:48
1183,1609,622,PADRE,2024-06-07  5:32:48,2024-06-07  5:32:48
1184,1610,622,MADRE,2024-06-07  5:32:48,2024-06-07  5:32:48
1185,1615,623,PADRE,2024-06-07  5:32:48,2024-06-07  5:32:48
1186,1616,623,MADRE,2024-06-07  5:32:48,2024-06-07  5:32:48
1187,1647,624,PADRE,2024-06-07  5:32:48,2024-06-07  5:32:48
1188,1648,624,MADRE,2024-06-07  5:32:48,2024-06-07  5:32:48
1189,1675,625,PADRE,2024-06-07  5:32:48,2024-06-07  5:32:48
1190,1676,625,MADRE,2024-06-07  5:32:48,2024-06-07  5:32:48
1191,1727,626,PADRE,2024-06-07  5:32:48,2024-06-07  5:32:48
1192,1728,626,MADRE,2024-06-07  5:32:48,2024-06-07  5:32:48
1193,1739,627,PADRE,2024-06-07  5:32:48,2024-06-07  5:32:48
1194,1740,627,MADRE,2024-06-07  5:32:48,2024-06-07  5:32:48
1195,1271,628,PADRE,2024-06-07  5:32:48,2024-06-07  5:32:48
1196,1272,628,MADRE,2024-06-07  5:32:48,2024-06-07  5:32:48
1197,739,629,PADRE,2024-06-07  5:32:48,2024-06-07  5:32:48
1198,740,629,MADRE,2024-06-07  5:32:48,2024-06-07  5:32:48
1199,761,630,PADRE,2024-06-07  5:32:48,2024-06-07  5:32:48
1200,762,630,MADRE,2024-06-07  5:32:48,2024-06-07  5:32:48
1201,761,631,PADRE,2024-06-07  5:32:48,2024-06-07  5:32:48
1202,762,631,MADRE,2024-06-07  5:32:48,2024-06-07  5:32:48
1203,815,632,PADRE,2024-06-07  5:32:48,2024-06-07  5:32:48
1204,816,632,MADRE,2024-06-07  5:32:48,2024-06-07  5:32:48
1205,863,633,PADRE,2024-06-07  5:32:48,2024-06-07  5:32:48
1206,864,633,MADRE,2024-06-07  5:32:48,2024-06-07  5:32:48
1207,873,634,PADRE,2024-06-07  5:32:48,2024-06-07  5:32:48
1208,874,634,MADRE,2024-06-07  5:32:48,2024-06-07  5:32:48
1209,885,635,PADRE,2024-06-07  5:32:48,2024-06-07  5:32:48
1210,886,635,MADRE,2024-06-07  5:32:48,2024-06-07  5:32:48
1211,925,636,PADRE,2024-06-07  5:32:48,2024-06-07  5:32:48
1212,926,636,MADRE,2024-06-07  5:32:48,2024-06-07  5:32:48
1213,935,637,PADRE,2024-06-07  5:32:48,2024-06-07  5:32:48
1214,936,637,MADRE,2024-06-07  5:32:48,2024-06-07  5:32:48
1215,935,638,PADRE,2024-06-07  5:32:48,2024-06-07  5:32:48
1216,936,638,MADRE,2024-06-07  5:32:48,2024-06-07  5:32:48
1217,989,639,PADRE,2024-06-07  5:32:48,2024-06-07  5:32:48
1218,990,639,MADRE,2024-06-07  5:32:48,2024-06-07  5:32:48
1219,1041,640,PADRE,2024-06-07  5:32:48,2024-06-07  5:32:48
1220,1042,640,MADRE,2024-06-07  5:32:48,2024-06-07  5:32:48
1221,1057,641,PADRE,2024-06-07  5:32:48,2024-06-07  5:32:48
1222,1058,641,MADRE,2024-06-07  5:32:48,2024-06-07  5:32:48
1223,1065,642,PADRE,2024-06-07  5:32:48,2024-06-07  5:32:48
1224,1066,642,MADRE,2024-06-07  5:32:48,2024-06-07  5:32:48
1225,1101,643,PADRE,2024-06-07  5:32:48,2024-06-07  5:32:48
1226,1102,643,MADRE,2024-06-07  5:32:48,2024-06-07  5:32:48
1227,1071,644,PADRE,2024-06-07  5:32:48,2024-06-07  5:32:48
1228,1072,644,MADRE,2024-06-07  5:32:48,2024-06-07  5:32:48
1229,1217,645,PADRE,2024-06-07  5:32:48,2024-06-07  5:32:48
1230,1218,645,MADRE,2024-06-07  5:32:48,2024-06-07  5:32:48
1231,1249,646,PADRE,2024-06-07  5:32:48,2024-06-07  5:32:48
1232,1250,646,MADRE,2024-06-07  5:32:48,2024-06-07  5:32:48
1233,1281,647,PADRE,2024-06-07  5:32:48,2024-06-07  5:32:48
1234,1282,647,MADRE,2024-06-07  5:32:48,2024-06-07  5:32:48
1235,1331,648,PADRE,2024-06-07  5:32:48,2024-06-07  5:32:48
1236,1332,648,MADRE,2024-06-07  5:32:48,2024-06-07  5:32:48
1237,1357,649,PADRE,2024-06-07  5:32:48,2024-06-07  5:32:48
1238,1358,649,MADRE,2024-06-07  5:32:48,2024-06-07  5:32:48
1239,1411,650,PADRE,2024-06-07  5:32:48,2024-06-07  5:32:48
1240,1412,650,MADRE,2024-06-07  5:32:48,2024-06-07  5:32:48
1241,1467,651,PADRE,2024-06-07  5:32:48,2024-06-07  5:32:48
1242,1468,651,MADRE,2024-06-07  5:32:48,2024-06-07  5:32:48
1243,1537,652,PADRE,2024-06-07  5:32:48,2024-06-07  5:32:48
1244,1538,652,MADRE,2024-06-07  5:32:48,2024-06-07  5:32:48
1245,1545,653,PADRE,2024-06-07  5:32:48,2024-06-07  5:32:48
1246,1546,653,MADRE,2024-06-07  5:32:48,2024-06-07  5:32:48
1247,1629,654,PADRE,2024-06-07  5:32:48,2024-06-07  5:32:48
1248,1630,654,MADRE,2024-06-07  5:32:48,2024-06-07  5:32:48
1249,1671,655,PADRE,2024-06-07  5:32:48,2024-06-07  5:32:48
1250,1672,655,MADRE,2024-06-07  5:32:48,2024-06-07  5:32:48
1251,1683,656,PADRE,2024-06-07  5:32:48,2024-06-07  5:32:48
1252,1684,656,MADRE,2024-06-07  5:32:48,2024-06-07  5:32:48
1253,1771,657,PADRE,2024-06-07  5:32:48,2024-06-07  5:32:48
1254,1772,657,MADRE,2024-06-07  5:32:48,2024-06-07  5:32:48
1255,1783,658,PADRE,2024-06-07  5:32:48,2024-06-07  5:32:48
1256,1784,658,MADRE,2024-06-07  5:32:48,2024-06-07  5:32:48
1257,853,659,PADRE,2024-06-07  5:32:48,2024-06-07  5:32:48
1258,854,659,MADRE,2024-06-07  5:32:48,2024-06-07  5:32:48
1259,911,660,PADRE,2024-06-07  5:32:48,2024-06-07  5:32:48
1260,912,660,MADRE,2024-06-07  5:32:48,2024-06-07  5:32:48
1261,915,661,PADRE,2024-06-07  5:32:48,2024-06-07  5:32:48
1262,916,661,MADRE,2024-06-07  5:32:48,2024-06-07  5:32:48
1263,923,662,PADRE,2024-06-07  5:32:48,2024-06-07  5:32:48
1264,924,662,MADRE,2024-06-07  5:32:48,2024-06-07  5:32:48
1265,955,663,PADRE,2024-06-07  5:32:48,2024-06-07  5:32:48
1266,956,663,MADRE,2024-06-07  5:32:48,2024-06-07  5:32:48
1267,977,664,PADRE,2024-06-07  5:32:48,2024-06-07  5:32:48
1268,978,664,MADRE,2024-06-07  5:32:48,2024-06-07  5:32:48
1269,989,665,PADRE,2024-06-07  5:32:48,2024-06-07  5:32:48
1270,990,665,MADRE,2024-06-07  5:32:48,2024-06-07  5:32:48
1271,1031,666,PADRE,2024-06-07  5:32:48,2024-06-07  5:32:48
1272,1032,666,MADRE,2024-06-07  5:32:48,2024-06-07  5:32:48
1273,1039,667,PADRE,2024-06-07  5:32:48,2024-06-07  5:32:48
1274,1040,667,MADRE,2024-06-07  5:32:48,2024-06-07  5:32:48
1275,1101,668,PADRE,2024-06-07  5:32:48,2024-06-07  5:32:48
1276,1102,668,MADRE,2024-06-07  5:32:48,2024-06-07  5:32:48
1277,1125,669,PADRE,2024-06-07  5:32:48,2024-06-07  5:32:48
1278,1126,669,MADRE,2024-06-07  5:32:48,2024-06-07  5:32:48
1279,1155,670,PADRE,2024-06-07  5:32:48,2024-06-07  5:32:48
1280,1156,670,MADRE,2024-06-07  5:32:48,2024-06-07  5:32:48
1281,1191,671,PADRE,2024-06-07  5:32:48,2024-06-07  5:32:48
1282,1192,671,MADRE,2024-06-07  5:32:48,2024-06-07  5:32:48
1283,1199,672,PADRE,2024-06-07  5:32:48,2024-06-07  5:32:48
1284,1200,672,MADRE,2024-06-07  5:32:48,2024-06-07  5:32:48
1285,1221,673,PADRE,2024-06-07  5:32:48,2024-06-07  5:32:48
1286,1222,673,MADRE,2024-06-07  5:32:48,2024-06-07  5:32:48
1287,1265,674,PADRE,2024-06-07  5:32:48,2024-06-07  5:32:48
1288,1266,674,MADRE,2024-06-07  5:32:48,2024-06-07  5:32:48
1289,1275,675,PADRE,2024-06-07  5:32:48,2024-06-07  5:32:48
1290,1276,675,MADRE,2024-06-07  5:32:48,2024-06-07  5:32:48
1291,1269,676,PADRE,2024-06-07  5:32:48,2024-06-07  5:32:48
1292,1270,676,MADRE,2024-06-07  5:32:48,2024-06-07  5:32:48
1293,1287,677,PADRE,2024-06-07  5:32:48,2024-06-07  5:32:48
1294,1288,677,MADRE,2024-06-07  5:32:48,2024-06-07  5:32:48
1295,1305,678,PADRE,2024-06-07  5:32:48,2024-06-07  5:32:48
1296,1306,678,MADRE,2024-06-07  5:32:48,2024-06-07  5:32:48
1297,1315,679,PADRE,2024-06-07  5:32:48,2024-06-07  5:32:48
1298,1316,679,MADRE,2024-06-07  5:32:48,2024-06-07  5:32:48
1299,1341,680,PADRE,2024-06-07  5:32:48,2024-06-07  5:32:48
1300,1342,680,MADRE,2024-06-07  5:32:48,2024-06-07  5:32:48
1301,1353,681,PADRE,2024-06-07  5:32:48,2024-06-07  5:32:48
1302,1354,681,MADRE,2024-06-07  5:32:48,2024-06-07  5:32:48
1303,1367,682,PADRE,2024-06-07  5:32:48,2024-06-07  5:32:48
1304,1368,682,MADRE,2024-06-07  5:32:48,2024-06-07  5:32:48
1305,1363,683,PADRE,2024-06-07  5:32:48,2024-06-07  5:32:48
1306,1364,683,MADRE,2024-06-07  5:32:48,2024-06-07  5:32:48
1307,1365,684,PADRE,2024-06-07  5:32:48,2024-06-07  5:32:48
1308,1366,684,MADRE,2024-06-07  5:32:48,2024-06-07  5:32:48
1309,1375,685,PADRE,2024-06-07  5:32:48,2024-06-07  5:32:48
1310,1376,685,MADRE,2024-06-07  5:32:48,2024-06-07  5:32:48
1311,1385,686,PADRE,2024-06-07  5:32:48,2024-06-07  5:32:48
1312,1386,686,MADRE,2024-06-07  5:32:48,2024-06-07  5:32:48
1313,1399,687,PADRE,2024-06-07  5:32:48,2024-06-07  5:32:48
1314,1400,687,MADRE,2024-06-07  5:32:48,2024-06-07  5:32:48
1315,1413,688,PADRE,2024-06-07  5:32:48,2024-06-07  5:32:48
1316,1414,688,MADRE,2024-06-07  5:32:48,2024-06-07  5:32:48
1317,1427,689,PADRE,2024-06-07  5:32:48,2024-06-07  5:32:48
1318,1428,689,MADRE,2024-06-07  5:32:48,2024-06-07  5:32:48
1319,1505,690,PADRE,2024-06-07  5:32:48,2024-06-07  5:32:48
1320,1506,690,MADRE,2024-06-07  5:32:48,2024-06-07  5:32:48
1321,1513,691,PADRE,2024-06-07  5:32:48,2024-06-07  5:32:48
1322,1514,691,MADRE,2024-06-07  5:32:48,2024-06-07  5:32:48
1323,1551,692,PADRE,2024-06-07  5:32:48,2024-06-07  5:32:48
1324,1552,692,MADRE,2024-06-07  5:32:48,2024-06-07  5:32:48
1325,1641,693,PADRE,2024-06-07  5:32:48,2024-06-07  5:32:48
1326,1642,693,MADRE,2024-06-07  5:32:48,2024-06-07  5:32:48
1327,1667,694,PADRE,2024-06-07  5:32:48,2024-06-07  5:32:48
1328,1668,694,MADRE,2024-06-07  5:32:48,2024-06-07  5:32:48
1329,1685,695,PADRE,2024-06-07  5:32:48,2024-06-07  5:32:48
1330,1686,695,MADRE,2024-06-07  5:32:48,2024-06-07  5:32:48
1331,733,696,PADRE,2024-06-07  5:32:48,2024-06-07  5:32:48
1332,734,696,MADRE,2024-06-07  5:32:48,2024-06-07  5:32:48
1333,737,697,PADRE,2024-06-07  5:32:48,2024-06-07  5:32:48
1334,738,697,MADRE,2024-06-07  5:32:48,2024-06-07  5:32:48
1335,755,698,PADRE,2024-06-07  5:32:48,2024-06-07  5:32:48
1336,756,698,MADRE,2024-06-07  5:32:48,2024-06-07  5:32:48
1337,787,699,PADRE,2024-06-07  5:32:48,2024-06-07  5:32:48
1338,788,699,MADRE,2024-06-07  5:32:48,2024-06-07  5:32:48
1339,791,700,PADRE,2024-06-07  5:32:48,2024-06-07  5:32:48
1340,792,700,MADRE,2024-06-07  5:32:48,2024-06-07  5:32:48
1341,809,701,PADRE,2024-06-07  5:32:48,2024-06-07  5:32:48
1342,810,701,MADRE,2024-06-07  5:32:48,2024-06-07  5:32:48
1343,837,702,PADRE,2024-06-07  5:32:48,2024-06-07  5:32:48
1344,838,702,MADRE,2024-06-07  5:32:48,2024-06-07  5:32:48
1345,913,703,PADRE,2024-06-07  5:32:48,2024-06-07  5:32:48
1346,914,703,MADRE,2024-06-07  5:32:48,2024-06-07  5:32:48
1347,931,704,PADRE,2024-06-07  5:32:48,2024-06-07  5:32:48
1348,932,704,MADRE,2024-06-07  5:32:48,2024-06-07  5:32:48
1349,959,705,PADRE,2024-06-07  5:32:48,2024-06-07  5:32:48
1350,960,705,MADRE,2024-06-07  5:32:48,2024-06-07  5:32:48
1351,975,706,PADRE,2024-06-07  5:32:48,2024-06-07  5:32:48
1352,976,706,MADRE,2024-06-07  5:32:48,2024-06-07  5:32:48
1353,983,707,PADRE,2024-06-07  5:32:48,2024-06-07  5:32:48
1354,984,707,MADRE,2024-06-07  5:32:48,2024-06-07  5:32:48
1355,1003,708,PADRE,2024-06-07  5:32:48,2024-06-07  5:32:48
1356,1004,708,MADRE,2024-06-07  5:32:48,2024-06-07  5:32:48
1357,1061,709,PADRE,2024-06-07  5:32:48,2024-06-07  5:32:48
1358,1062,709,MADRE,2024-06-07  5:32:48,2024-06-07  5:32:48
1359,1103,710,PADRE,2024-06-07  5:32:48,2024-06-07  5:32:48
1360,1104,710,MADRE,2024-06-07  5:32:48,2024-06-07  5:32:48
1361,1163,711,PADRE,2024-06-07  5:32:48,2024-06-07  5:32:48
1362,1164,711,MADRE,2024-06-07  5:32:48,2024-06-07  5:32:48
1363,1243,712,PADRE,2024-06-07  5:32:48,2024-06-07  5:32:48
1364,1244,712,MADRE,2024-06-07  5:32:48,2024-06-07  5:32:48
1365,1279,713,PADRE,2024-06-07  5:32:48,2024-06-07  5:32:48
1366,1280,713,MADRE,2024-06-07  5:32:48,2024-06-07  5:32:48
1367,1307,714,PADRE,2024-06-07  5:32:48,2024-06-07  5:32:48
1368,1308,714,MADRE,2024-06-07  5:32:48,2024-06-07  5:32:48
1369,1361,715,PADRE,2024-06-07  5:32:48,2024-06-07  5:32:48
1370,1362,715,MADRE,2024-06-07  5:32:48,2024-06-07  5:32:48
1371,1371,716,PADRE,2024-06-07  5:32:48,2024-06-07  5:32:48
1372,1372,716,MADRE,2024-06-07  5:32:48,2024-06-07  5:32:48
1373,1431,717,PADRE,2024-06-07  5:32:48,2024-06-07  5:32:48
1374,1432,717,MADRE,2024-06-07  5:32:48,2024-06-07  5:32:48
1375,1439,718,PADRE,2024-06-07  5:32:48,2024-06-07  5:32:48
1376,1440,718,MADRE,2024-06-07  5:32:48,2024-06-07  5:32:48
1377,1461,719,PADRE,2024-06-07  5:32:48,2024-06-07  5:32:48
1378,1462,719,MADRE,2024-06-07  5:32:48,2024-06-07  5:32:48
1379,1483,720,PADRE,2024-06-07  5:32:48,2024-06-07  5:32:48
1380,1484,720,MADRE,2024-06-07  5:32:48,2024-06-07  5:32:48
1381,1491,721,PADRE,2024-06-07  5:32:48,2024-06-07  5:32:48
1382,1492,721,MADRE,2024-06-07  5:32:48,2024-06-07  5:32:48
1383,1503,722,PADRE,2024-06-07  5:32:48,2024-06-07  5:32:48
1384,1504,722,MADRE,2024-06-07  5:32:48,2024-06-07  5:32:48
1385,1507,723,PADRE,2024-06-07  5:32:48,2024-06-07  5:32:48
1386,1508,723,MADRE,2024-06-07  5:32:48,2024-06-07  5:32:48
1387,1589,724,PADRE,2024-06-07  5:32:48,2024-06-07  5:32:48
1388,1590,724,MADRE,2024-06-07  5:32:48,2024-06-07  5:32:48
1389,1593,725,PADRE,2024-06-07  5:32:48,2024-06-07  5:32:48
1390,1594,725,MADRE,2024-06-07  5:32:48,2024-06-07  5:32:48
1391,1607,726,PADRE,2024-06-07  5:32:48,2024-06-07  5:32:48
1392,1608,726,MADRE,2024-06-07  5:32:48,2024-06-07  5:32:48
1393,1637,727,PADRE,2024-06-07  5:32:48,2024-06-07  5:32:48
1394,1638,727,MADRE,2024-06-07  5:32:48,2024-06-07  5:32:48
1395,1657,728,PADRE,2024-06-07  5:32:48,2024-06-07  5:32:48
1396,1658,728,MADRE,2024-06-07  5:32:48,2024-06-07  5:32:48
1397,1673,729,PADRE,2024-06-07  5:32:48,2024-06-07  5:32:48
1398,1674,729,MADRE,2024-06-07  5:32:48,2024-06-07  5:32:48
1399,1703,730,PADRE,2024-06-07  5:32:48,2024-06-07  5:32:48
1400,1704,730,MADRE,2024-06-07  5:32:48,2024-06-07  5:32:48
1401,1745,731,PADRE,2024-06-07  5:32:48,2024-06-07  5:32:48
1402,1746,731,MADRE,2024-06-07  5:32:48,2024-06-07  5:32:48
1403,1751,732,PADRE,2024-06-07  5:32:48,2024-06-07  5:32:48
1404,1752,732,MADRE,2024-06-07  5:32:48,2024-06-07  5:32:48
